"","GSM1369835","GSM1369834","GSM1369833","GSM1369832","GSM1369831","GSM1369830","GSM1369829","GSM1369828","GSM1369827","GSM1369826","GSM1369825","GSM1369824","GSM1369823","GSM1369822","GSM1369821","GSM1369820","GSM1369819","GSM1369818","GSM1369817","GSM1369816","GSM1369815","GSM1369814","GSM1369813","GSM1369812","GSM1369811","GSM1369810","GSM1369809","GSM1369808","GSM1369807","GSM1369806","GSM1369805","GSM1369804","GSM1369803","GSM1369802","GSM1369801","GSM1369800","GSM1369799","GSM1369798","GSM1369797","GSM1369796","GSM1369795","GSM1369794","GSM1369793","GSM1369792","GSM1369791","GSM1369790","GSM1369789","GSM1369788","GSM1369787","GSM1369786","GSM1369785","GSM1369784","GSM1369783","GSM1369782","GSM1369781","GSM1369780","GSM1369779","GSM1369778","GSM1369777","GSM1369776","GSM1369775","GSM1369774","GSM1369773","GSM1369772","GSM1369771","GSM1369770","GSM1369769","GSM1369768","GSM1369767","GSM1369766","GSM1369765","GSM1369764","GSM1369763","GSM1369762","GSM1369761","GSM1369760","GSM1369759","GSM1369758","GSM1369757","GSM1369756"
"LINC00342",4.48398750352161,4.39639790264909,4.51696518912071,4.35119334904947,4.41007771242811,4.35246350790139,4.44131985774046,4.49708583977765,4.42592362305453,4.42592362305465,4.42592362305462,4.40961233099361,4.35476140633171,4.45544934346003,4.60324787572349,4.33723555147914,4.60758352421723,4.3244077729773,4.4259236230545,4.42592362305461,4.42592362305453,4.34612871018206,4.36213439791231,4.48971284819669,4.42592362305456,4.33616545991099,4.39748718324983,4.43436015732996,4.53568169172763,4.46533949344282,4.42592362305459,4.38650775266605,4.42592362305459,4.42592362305452,4.42267571387656,4.38286700040833,4.35278421437456,4.3903676328169,4.50778414511646,4.42592362305453,4.33637536313065,4.37897771982257,4.23882871472767,4.39916724654393,4.36142504116492,4.29930388220233,4.36313180919609,4.55056643013981,4.34262922510819,4.36161871974051,4.47743753080786,4.36313180919598,4.3631318091958,4.26229932864303,4.36483857722708,4.34779070715001,4.31032003513804,4.37360253136599,4.33918784596722,4.36346427037389,4.36342361374335,4.38274874813166,4.37803114207964,4.37804841200231,4.44240822477209,4.52334753183619,4.33370348399272,4.34256028307006,4.35619223587345,4.25034968638781,4.34910085154189,4.28298775811037,4.3482324763123,4.26789767613987,4.34486961657648,4.36313180919598,4.36313180919591,4.38611034533162,4.34015327306055,4.53161479364388
"GS1-600G8.3",5.50828518523468,5.58983543717411,5.55204594103678,5.52576369070827,5.59100903521944,5.6112461968852,5.52498458258913,5.62946628359364,5.54817198823638,5.5481719882365,5.54817198823647,5.56670633296428,5.4668776928794,5.50650853929869,5.55521110548752,5.57594841838691,5.48813140468245,5.53025226830635,5.54817198823635,5.54817198823645,5.54817198823638,5.55835307207165,5.63793243148874,5.45841154498395,5.54817198823641,5.60885082984901,5.59118747974517,5.49272362404573,5.49992601930587,5.59398385477942,5.54817198823644,5.50236012169315,5.54817198823644,5.54817198823637,5.4278266920157,5.59224519518405,5.53829861350046,5.71872374212488,5.45389232362098,5.54817198823638,5.50670945507333,5.43520577784322,5.5563170864253,5.50741383266566,5.50429612601896,5.46786161457435,5.47804282482625,5.44543644311838,5.40091688616225,5.4915814513821,5.52426176887965,5.47804282482614,5.47804282482596,5.49413222984179,5.45178952363337,5.37336771645198,5.49497490545837,5.40565035903615,5.48812694154717,5.3479716520485,5.54415653433113,5.51801523007435,5.40533097465754,5.45552030770497,5.36633040444193,5.48264013528942,5.51776318566754,5.49984636113788,5.53902262892297,5.50698395471408,5.53771887536314,5.55600312830995,5.55075467499472,5.44725145366736,5.51197628898528,5.47804282482614,5.47804282482608,5.40444625372757,5.55163939592492,5.44008531084038
"RFPL3S",5.37681556275315,5.36091135610696,5.25954871841482,5.26333779670731,5.30861716153043,5.30617975149003,5.15377991157269,5.17453673235156,5.27892507527201,5.27892507527213,5.2789250752721,5.31388871069408,5.38331341819275,5.19693879443709,5.3524263835573,5.29039901888373,5.28588779772615,5.17080622347329,5.27892507527197,5.27892507527208,5.27892507527201,5.29559340941372,5.38858858972529,5.16926156081865,5.27892507527203,5.32294215370098,5.03421521698956,5.42393443992835,5.3346084904694,5.2779383431933,5.27892507527206,5.27991180735051,5.27892507527206,5.278925075272,5.25648283858081,5.17278841392461,5.24874553231954,5.230512453167,5.45591659541569,5.278925075272,5.14253112833989,5.13135809113701,5.21689467104392,5.18689204912909,5.22664069581519,5.11960153413348,5.1610501773954,5.33970607000699,5.06008858678108,5.11383999540271,5.30482946574849,5.16105017739529,5.16105017739511,5.02931085452617,5.09545965897544,5.10870739645299,5.18713571146936,5.13192589934383,5.17813448996288,5.07050531467021,5.14508052898995,5.1135902498623,5.08855775144382,5.24770790961507,5.16945334078217,5.13715192123326,5.16409467540992,5.18144672085099,5.22270867037202,5.05978400972884,5.22281396332284,5.26220630673971,5.23354260334673,5.22398109422879,5.066066595538,5.1610501773953,5.16105017739522,5.205716320256,5.11638403453479,5.13290789964188
"MCF2L-AS1",6.47088162132986,6.32911491531544,6.46500198758692,6.25744608330142,6.28798716736675,6.30809581229596,6.20981863617902,6.38510463016712,6.32959868993499,6.32959868993513,6.3295986899351,6.26634799891685,6.27409274970321,6.33008246455461,6.30086562680077,6.28882198358286,6.24124646028341,6.38775685042757,6.32959868993496,6.32959868993508,6.329598689935,6.36095534316567,6.34839898161964,6.31079839825029,6.32959868993503,6.27982671400813,6.34007198225298,6.42634395395185,6.27215210952731,6.14084763651271,6.32959868993506,6.51834974335707,6.32959868993506,6.32959868993499,6.37942736203524,6.25286333762827,6.4395573979181,6.35442084698207,6.33168321309451,6.32959868993499,6.23214706963633,6.33019031273568,6.41680437984756,6.18569714938717,6.25813441890777,6.36573859552271,6.28857879016739,6.33866982775061,6.39979967878337,6.40578606313554,6.26825255224438,6.28857879016727,6.28857879016708,6.31529390426341,6.31902316142682,6.34170561919514,6.22031241146679,6.40795796832299,6.16281073583852,6.24132353966957,6.35082852382691,6.20668954920741,6.29359559675927,6.25834328223659,6.35102715573928,6.29157251842132,6.31703964515303,6.10423264320508,6.41025482645942,6.01132177163279,6.28948265044187,6.31877285932612,6.28356198357525,6.22784198139207,6.30088885672095,6.28857879016728,6.28857879016719,6.23093871554921,6.34621886478556,6.29799884328878
"DELEC1",5.31928096093435,5.32309790668929,5.18094358646387,5.36145442388343,5.35461729649661,5.31338001599677,5.24808093915098,5.29330111633553,5.29358063869408,5.29358063869419,5.29358063869417,5.33834390573511,5.29386016105292,5.26406337069891,5.37183997102153,5.27045111411478,5.15738129806969,5.39875305230076,5.29358063869405,5.29358063869415,5.29358063869408,5.25861911998147,5.27878364756614,5.30837762982195,5.29358063869411,5.24407530029305,5.33588900509927,5.23522224111353,5.35913600827072,5.21839527564178,5.29358063869414,5.36876600174618,5.29358063869413,5.29358063869407,5.30058137202792,5.33798822583643,5.24340261887382,5.22772094656871,5.30803201034335,5.29358063869408,5.4198422891629,5.30583945836879,5.45351103033911,5.3896135972062,5.38795774149945,5.3379973618713,5.36687611617129,5.45860183449667,5.35508415939876,5.37991092230633,5.34304514039457,5.36687611617118,5.366876116171,5.4517535250503,5.34579449084295,5.26221515905264,5.50775407759752,5.34994261891357,5.32276318032647,5.32394304756265,5.28823006838054,5.33226917762227,5.28207582186095,5.40610190417611,5.25167802954395,5.41090439108906,5.36212678564449,5.3408738842039,5.39182103427146,5.31229361153102,5.3740492234877,5.39790304318874,5.45167641048138,5.3253879928221,5.35898366149238,5.36687611617118,5.36687611617111,5.36445745021015,5.36929478213241,5.42496715946311
"KIAA0087",4.67878128783334,4.66876652184526,4.76331743320004,4.71045470079592,4.69889771517145,4.75698069476224,4.77653562450306,4.6919093147813,4.73743253569959,4.7374325356997,4.73743253569968,4.73852547310299,4.78295575661817,4.80609854955396,4.76465350325839,4.76207302075047,4.67250233348202,4.76403353692397,4.73743253569955,4.73743253569967,4.73743253569959,4.70720618563791,4.71278278601119,4.76208228538793,4.73743253569962,4.72953915152576,4.76737967878315,4.73022070643699,4.72259060605272,4.70962362199336,4.73743253569965,4.76524144940564,4.73743253569965,4.73743253569958,4.71672490020265,4.75834814181978,4.79266145467303,4.70547908579411,4.7691780149819,4.73743253569958,4.57228455309885,4.66682163123855,4.71868076167152,4.60013448861858,4.69180604327967,4.51745397036657,4.62828681071037,4.58688059717924,4.61728516685307,4.64222392879232,4.63481099509681,4.62828681071028,4.6282868107101,4.60380866220268,4.56476757814091,4.48473285407692,4.68376735273381,4.64792205783772,4.62660552770406,4.60707078969868,4.6939148633121,4.6464659262749,4.65864267129475,4.62825473863481,4.56318047369651,4.65542514291117,4.62952333685826,4.65430848418149,4.67641862766564,4.60052698718602,4.62114141107843,4.6666160117033,4.59793095012576,4.69528796700923,4.64489752719594,4.62828681071028,4.6282868107102,4.65897820954813,4.5975954118726,4.63387267572111
"RNF185-AS1",6.35759356099664,6.2922551184812,6.21175254731748,6.28787588599112,6.4257141209354,6.22612627041478,6.16134830912613,6.28307963343969,6.24835604684591,6.24835604684604,6.24835604684601,6.24543970722934,6.21363246025248,6.20445697521066,6.22675844535946,6.13048224013745,6.3216157974105,6.19379088456391,6.24835604684587,6.24835604684599,6.24835604684591,6.09550434725199,6.27959795466756,6.21711413902418,6.24835604684595,6.27592753545934,6.39291485118449,6.23955351420889,6.08502828653123,6.28796205349555,6.24835604684597,6.20875004019603,6.24835604684597,6.2483560468459,6.34058188797328,6.19172863683148,6.34462649226278,6.2210576605826,6.24005600199637,6.24835604684591,6.44633612541932,6.20605873631653,6.47899790770281,6.30103823134886,6.45006609320025,6.41392706124894,6.38341681040597,6.45554736164166,6.47303363600789,6.30698636443749,6.22600581125611,6.38341681040584,6.38341681040562,6.30800824373551,6.31676752761149,6.26017306611579,6.12140349641474,6.47740945996445,6.5222437266675,6.16082369806552,6.4679324150817,6.22240241483355,6.31257177277261,6.40632702229386,6.49799520470783,6.45197323228015,6.46249502294515,6.34252303552459,6.6093102892639,6.29144625972173,6.4319041684882,6.36472222212305,6.45426184803903,6.37749443814016,6.3804265333145,6.38341681040584,6.38341681040575,6.47454887330941,6.2922847475025,6.65414231670824
"ZNNT1",6.2455695138619,6.19117781383211,6.2436707191671,5.99066449152305,6.07336225511387,6.09129426569749,6.03708979774358,6.10896265485675,6.12465119243439,6.12465119243454,6.1246511924345,6.13961836661326,6.14033973001242,6.05812457103672,6.155674086392,6.17467578022726,6.4861915223348,5.75294637306973,6.12465119243435,6.12465119243448,6.12465119243439,6.12149582938873,6.18267124866444,6.06663113620425,6.12465119243442,6.02127881432998,6.18385667012604,6.02734426611415,6.26612501916773,6.11033899708029,6.12465119243446,6.13896338778823,6.12465119243446,6.12465119243437,6.193112498011,5.9191621856299,6.10821250051449,6.08658356660729,6.2997465194895,6.12465119243438,6.23371880075199,6.34434713814712,6.34223848673086,6.29879048174597,6.24168294350271,6.21235744716358,6.29305820082655,6.3426686610343,6.38246686522274,6.37365593911149,6.34050160235674,6.2930582008264,6.29305820082617,6.33682258759621,6.34443345815017,6.29976026264257,6.34978038320453,6.14533903300131,6.34956958035162,6.35496773385,6.20642605937051,6.17409223018575,6.23983268641547,6.34962960297032,6.38230755997887,6.36603162753282,6.22460613869126,6.16420242639937,6.29386844901849,6.17928869425359,6.26604410492698,6.30322269029046,6.3462837152373,6.35335065732211,6.28244360403554,6.29305820082641,6.29305820082631,6.39422739528453,6.19188900636854,6.24618897607923
"DDR1-DT",4.49507995640429,4.43801355316594,4.49909036804591,4.37885074048137,4.48742068822797,4.38802268816192,4.44817525926636,4.36464139023768,4.44375930127757,4.44375930127767,4.44375930127764,4.4533367953056,4.52287721231772,4.44950504938923,4.58451749877184,4.40329637844712,4.57888414299399,4.36926579349848,4.44375930127754,4.44375930127763,4.44375930127757,4.30825763283056,4.52883996932696,4.3586786332281,4.44375930127759,4.4728735993995,4.43035917355737,4.38404140217077,4.48776302998285,4.46908783437932,4.44375930127761,4.41843076817564,4.44375930127761,4.44375930127756,4.42161992971328,4.47209118443559,4.37467297417311,4.44535687985747,4.43596921110402,4.44375930127756,4.54012144717921,4.53651416515465,4.64074617253647,4.40399890474455,4.60432429210466,4.43740184010279,4.58017555210502,4.64924306532222,4.64703734481488,4.54314094022233,4.73334297111901,4.58017555210491,4.58017555210476,4.57249597026518,4.55602681210522,4.53945722714286,4.50492946816194,4.52561626877997,4.48924699825566,4.46867943746976,4.59897378179771,4.72573036070436,4.67020704683855,4.50720740494682,4.67667751128098,4.59315500588728,4.66647574956475,4.54734380285306,4.78154811664066,4.61722897787483,4.44072709795371,4.51954421816744,4.49014405737126,4.51984889607135,4.64251772264608,4.58017555210492,4.58017555210485,4.60776686766058,4.55258423654943,4.75614014338241
"SNHG3",4.85870129365195,4.76418040703593,4.70487622594103,4.9245468797454,4.7931297629055,4.75729900372971,4.79943360822072,4.75241109165563,4.80514463520084,4.80514463520096,4.80514463520093,4.78601079991629,4.85787817874635,4.84610886336579,4.96302095168371,4.76852974045919,4.69667584164331,4.85733257819887,4.80514463520081,4.80514463520092,4.80514463520084,4.71584805469924,4.78061180579181,4.8296774646098,4.80514463520087,4.77394165300857,4.78957278925932,4.71034833792837,4.94671576060736,4.88982461285317,4.8051446352009,4.72046465754831,4.8051446352009,4.80514463520084,4.75568759332224,4.90234559399351,4.84147551681619,4.70063955000053,4.86190580348717,4.80514463520084,4.7863018874407,4.76301919263687,4.93036167440015,4.83976865779026,4.74191659260435,4.68958699818592,4.75100432034148,4.72216627725528,4.76965343090323,4.73489363176637,4.85645512330599,4.75100432034137,4.75100432034118,4.73622956911359,4.76009204807844,4.62085158277555,4.72929068232708,4.63416829240012,4.77716429654598,4.8386908186325,4.75959905477631,4.69672147271396,4.75553274597522,4.74456212127358,4.72882565682158,4.66360834296099,4.6358139483734,4.7891956812288,4.6897438565694,4.75962217038733,4.79308025647484,4.8072851709007,4.7464758947075,4.64701170292544,4.7585379434296,4.75100432034137,4.7510043203413,4.80733747941945,4.69467116126351,4.87691579558465
"FAM182B",6.09725880350958,6.07625136210607,6.00952274716188,6.179559321353,6.1170098875793,6.11286502492487,6.01813552147422,6.08674758775766,6.07608644996961,6.07608644996975,6.07608644996971,6.03917728139417,6.06542531218191,6.0759215378332,6.14324631647474,6.17840677226971,6.08863007843492,5.97117439120783,6.07608644996958,6.0760864499697,6.07608644996962,5.95905697525639,6.07236855794817,6.07980434199098,6.07608644996965,6.10085664003469,5.92114776775227,6.24422142826126,6.03811996383052,5.98385704998799,6.07608644996968,6.16831584995101,6.07608644996968,6.0760864499696,6.17395519465656,6.08130123309245,6.07508072856452,6.11518106912949,5.93390830300005,6.07608644996961,6.05018049965167,6.10747495735773,6.08590642245944,6.23080897835256,6.08541948068533,6.12256655188233,6.14839839496738,6.18410627362823,6.04365271201782,6.12143893920638,6.26013568697781,6.14839839496725,6.14839839496705,6.11674943838299,6.21137730924922,6.2593994314202,6.1277974190405,6.12677299313233,6.08993546137609,6.03081919868806,6.17525249234033,6.14908968230564,6.0793296247065,6.27800512143098,6.24036316883671,6.07780558799578,6.11156962482948,6.17048213799358,6.22039577799897,6.14065569347246,6.12284606411472,6.24076682526354,6.21746716522795,6.20464935918214,6.05081940733182,6.14839839496725,6.14839839496717,6.14003595759268,6.15676083234204,6.16310754738041
"KCNK4-TEX40",7.16698889785619,6.97497352578451,7.18145280658818,7.0294244534477,7.24206257679606,7.17709947658376,6.84170166486754,6.93506923337545,7.06193001310255,7.06193001310272,7.06193001310267,6.97491277927204,7.18879079283008,7.14888650042066,7.12101269689548,7.09421687195298,6.92632897598964,7.10253031317372,7.06193001310251,7.06193001310265,7.06193001310256,6.89075110442762,7.14388545299287,6.97997457321215,7.06193001310259,7.19231894203731,7.01253936450392,6.89417694910046,7.14868479676889,7.13659843037676,7.06193001310264,6.98726159582808,7.06193001310263,7.06193001310254,7.0221359531604,7.01006003059903,7.05660755248258,7.01377763279822,7.20174643585271,7.06193001310255,7.20946556785554,7.07046266200106,7.05894381150777,7.42959722633732,7.33700165018624,7.30995737022178,7.25059522569452,7.32788316491137,7.13275723672401,7.3439374683895,7.50189076990327,7.25059522569437,7.25059522569413,7.19110572954828,7.16418880120258,7.11885384541535,7.2715960888163,7.26706290958108,7.04232149374512,7.19100783053524,7.28996052753996,7.07121503427027,7.19791985978796,7.29962737029421,7.23135871856597,7.31115469750356,7.02829400929291,7.51342854835083,7.35348183661214,7.0852875044025,7.49878126148919,7.34559596273592,7.30327059160074,7.34577793274781,7.03696769032021,7.25059522569438,7.25059522569428,7.05904819019092,7.4421422611981,7.38948727551894
"TTTY1B",6.41211231847821,6.36632237178235,6.36291344961836,6.31436901531767,6.32076272593435,6.40124379390129,6.31106110066212,6.45604266285374,6.37480573768058,6.37480573768071,6.37480573768068,6.44713474810593,6.29356881250775,6.38328910357886,6.45023177538566,6.52637198601289,6.39891974764249,6.30658602084917,6.37480573768056,6.37480573768066,6.37480573768059,6.22681825760038,6.37881605444612,6.37079542091498,6.37480573768061,6.32624060104402,6.29673917927114,6.50582967018208,6.37041350022539,6.41931149249496,6.37480573768065,6.33029998286601,6.37480573768064,6.37480573768057,6.44484122399021,6.34619604068349,6.3939496503393,6.41225387240953,6.2959318136392,6.37480573768058,6.31102379417101,6.47798834807664,6.55935101077956,6.31227780137073,6.4195645348484,6.46306002133943,6.42394533633037,6.33934105076727,6.4714410046288,6.52466482985328,6.53753020293605,6.42394533633025,6.42394533633006,6.39857801367256,6.42832613781215,6.4379626472199,6.49197289026996,6.43878304977586,6.32089007893675,6.35384399913085,6.44125255915203,6.39203813560825,6.41237184118789,6.26516826629551,6.45153210172821,6.33293368604288,6.57876197664532,6.36553400127867,6.4508975681742,6.38868621571172,6.56713393878857,6.4680510431996,6.43551883147258,6.48116197044683,6.2521879794991,6.42394533633026,6.42394533633017,6.41086715955684,6.43702351310388,6.4203665680782
"HEXIM2-AS1",6.31176626293381,6.36089884509537,6.25329925211716,6.09344909354105,6.11585042540299,6.34673389166382,6.02705010643506,6.19480523485762,6.22851675367762,6.22851675367778,6.22851675367773,6.33880191537489,6.26222827249803,6.09613466225993,6.30691038784082,6.17401668793497,6.38301778347374,6.22616433243732,6.22851675367757,6.22851675367771,6.22851675367763,6.06677271336863,6.38878905499702,6.06824445235813,6.22851675367766,6.16270364523958,5.99119761358187,6.33527438266093,6.42489137322848,6.14672751931045,6.2285167536777,6.31030598804453,6.22851675367769,6.22851675367761,5.89802210065639,6.02930189255915,6.32688494528503,6.38792207739065,6.59882094410441,6.22851675367762,6.41291358622221,6.62082132947875,6.68893867208949,6.4511966633412,6.47259814731858,6.30978789752781,6.50815500120408,6.66327688203489,6.71558222743103,6.40671437721587,6.6388912732002,6.50815500120392,6.50815500120368,6.27938771417711,6.54371185508932,6.31483191506174,6.29311932130982,6.75395610558542,6.36038491185323,6.59259772618661,6.90134373270349,6.28055582915046,6.48839260770107,6.64762899671614,6.42524336458042,6.69387601408615,6.39495989963718,6.3349734035783,6.5938657156508,6.35610555275387,6.38885295151824,6.3560063926479,6.52791739470672,6.54067339406201,6.59561007785836,6.50815500120393,6.50815500120383,6.43311207039594,6.58319793201217,6.7243991072556
"FAM215A",6.39199264201116,6.36493488001113,6.39036813180638,6.2493817122546,6.47666370945809,6.47624547196516,6.23565385328448,6.14144485956835,6.36796398908698,6.36796398908711,6.36796398908708,6.46414212320018,6.59448311860597,6.37099309816288,6.35751478094661,6.43535675535773,6.45315526850258,6.32145590861831,6.36796398908695,6.36796398908707,6.36796398908699,6.13770181755979,6.48955873619851,6.24636924197538,6.36796398908702,6.38824576833867,6.37345110567547,6.38806159110979,6.32209749122431,6.292440164695,6.36796398908705,6.44348781347875,6.36796398908705,6.36796398908697,6.42389868284614,6.26954147794217,6.39389968316594,6.37276325135682,6.40565254420293,6.36796398908698,6.15343219174285,6.15911923753824,6.25470063930443,6.23025461532606,6.2616585862644,6.19386922824371,6.2678189579093,6.27163807377076,6.43263429900505,6.30540860789064,6.31875567977532,6.26781895790918,6.26781895790898,6.18090938241623,6.27397932955401,6.35155648172506,6.09006337258424,6.45982788256378,6.11178288688162,6.24099769040708,6.52739462829812,6.12185238241613,6.29147211792841,6.21974421747272,6.30038563901171,6.22604561663484,6.38119908053259,6.2389730939724,6.21882444537107,6.20047449798743,6.29704493274296,6.22913575896209,6.24416579788992,6.37265876104676,6.24737809257709,6.26781895790918,6.2678189579091,6.31828940501261,6.21734851080597,6.43068836316568
"ADD3-AS1",6.50447846610791,6.46366128295293,6.39824177803002,6.42011330672287,6.58747017924926,6.45343764933286,6.3612054481023,6.31487382340514,6.43970718784774,6.43970718784786,6.43970718784783,6.50076647879054,6.56454055229067,6.41575309274261,6.5022346131483,6.53333511971349,6.3901586630514,6.42683186384853,6.43970718784771,6.43970718784782,6.43970718784775,6.25845036684312,6.45408275568538,6.42533162001004,6.43970718784777,6.38158174428225,6.41458788242364,6.47592168197649,6.48673744270888,6.45264891344673,6.43970718784781,6.42676546224854,6.4397071878478,6.43970718784773,6.52705544369558,6.39638515329537,6.37946950908022,6.47220968644728,6.36317846795285,6.43970718784774,6.19109099229218,6.1964557266162,6.37315669239348,6.20584102254907,6.33771652049507,6.31520883952708,6.34421871801767,6.3726635651717,6.34939037284781,6.36335481546257,6.27735672882917,6.34421871801755,6.34421871801736,6.42957550279878,6.35072091554008,6.30454216609042,6.31737793112843,6.39860459683344,6.27133804360904,6.29385571295813,6.44239089219383,6.2427518249252,6.29507393440239,6.39332616681436,6.42601505645599,6.27995641479322,6.43183763026216,6.4192195987931,6.44534050630095,6.35687545218613,6.39140650748297,6.40664256681293,6.39336350163269,6.36976915230971,6.285150736915,6.34421871801755,6.34421871801747,6.29717695152007,6.39126048451525,6.43184760715646
"SMIM10L1",5.20256487100623,4.92209599856154,5.16591567453009,5.26121300018578,4.95265765186384,5.00006855698552,5.22274045630718,5.08243856649327,5.14179129476637,5.14179129476653,5.1417912947665,4.9982452095835,5.20114402303992,5.36148659097128,5.28284898184027,5.01298512008739,5.02037368497151,5.17103298667973,5.14179129476632,5.14179129476649,5.14179129476637,5.50570519896367,5.15898457695831,5.12459801257434,5.14179129476641,4.95005400989274,5.10752889791535,5.39988655759563,5.10969571366216,5.02852319315057,5.14179129476646,5.25505939638189,5.14179129476645,5.14179129476636,5.23009789157259,5.22598283500418,5.04693543895835,5.28927338863939,4.82181106384948,5.14179129476636,5.31985407982307,5.43190355012518,5.39440001232761,5.19776470391403,5.19650511240001,4.85582798066949,5.24276990722259,5.31870623106057,5.1342346744987,5.15644388975804,5.25779452419362,5.24276990722242,5.24276990722218,5.45284984406707,5.28903470204492,5.35142129293382,5.26247636632183,5.12714747213666,5.13328778849266,5.40429270601951,5.20297902581452,5.6862955168902,5.41563608795753,5.03375699751281,5.18577015693058,5.15124932576368,5.31584989101554,5.07400899786461,5.05317232794076,5.34801545665699,5.1167924399882,5.33494582510371,5.06990372648728,5.16298264715831,5.56844140676515,5.24276990722243,5.24276990722233,5.20842425783028,5.27711555661488,5.00766217770415
"LINC00623",7.64277134513584,7.49768097319899,7.47559553360539,7.34525161057678,7.32690480272931,7.26916231421791,7.37619957442019,7.34980047098201,7.42937774459139,7.42937774459158,7.42937774459154,7.46728608959231,7.50895501820129,7.36107451598388,7.25984189938541,7.60589330384343,7.6870866786547,7.19759999438429,7.42937774459134,7.42937774459153,7.42937774459139,7.37428351751811,7.41820232542554,7.44055316375714,7.42937774459145,7.27296756948425,7.44299018497919,7.53801682617924,7.46353639772335,7.28863905356339,7.42937774459149,7.57011643561906,7.42937774459148,7.42937774459137,7.27884716597892,7.41333311233779,7.5540340156247,7.74421710996932,7.28111359007971,7.42937774459139,7.2095781934899,7.35221162741459,7.34994212839371,7.0388742989999,7.19906831753047,7.182887627429,7.24973868555245,7.16738574697317,7.43013647295428,7.08909463755301,7.01982783251132,7.24973868555226,7.24973868555196,7.39597741699198,7.30040905357412,7.28751555878481,7.42124695149548,7.45069607383524,7.13245341887082,7.3535999054579,7.30790141369052,7.37114181486994,7.03397532652343,7.15730835008114,7.06022818353348,7.46020524086399,7.3486765031229,6.90129181416653,7.25780403462848,7.36807940109765,7.04036810430387,7.22380750169579,7.46550204458104,7.34818906181934,7.38767521261393,7.24973868555226,7.24973868555214,7.00934253373333,7.49013483737153,7.12831735337356
"ENTPD1-AS1",6.94122838601036,6.67686996798313,6.98167408321537,6.66408231786014,6.795127409019,6.79180002971714,6.62041862030481,6.76074699436893,6.78448234534415,6.78448234534431,6.78448234534427,6.70769063495719,6.80821769631977,6.89209472270524,6.7496007608996,6.84026889298272,6.81475430440778,6.68935249763914,6.78448234534412,6.78448234534426,6.78448234534416,6.82734451443539,6.76477597903264,6.8041887116556,6.78448234534419,6.74619146196014,6.7155814492042,6.8238834779621,6.85227299225054,6.69406043555571,6.78448234534423,6.87490425513236,6.78448234534423,6.78448234534414,6.55956049413226,6.94034707809785,6.77492803802564,6.84712827090545,6.79089353824121,6.78448234534415,6.86247820743693,6.85596910509574,7.04620776115023,6.7989286650469,6.85035316909298,6.85130712744498,6.86661416877053,6.82116127137057,7.10962223697094,6.77568841428746,6.84431974090485,6.86661416877038,6.86661416877016,6.95014386295513,6.88287516844786,6.78984085980895,6.9277626378333,6.79284214987741,6.87915092134441,6.77482333079123,7.05571469629963,6.79538656262779,6.78594504407116,6.79865056515379,6.62050113351195,6.78865581241272,7.04845703754501,6.84175224170963,6.8442476416985,7.01254712797191,6.76279731032918,6.93147205741159,6.94728329346958,6.93110503771292,6.85231192559745,6.86661416877039,6.8666141687703,6.86900255155899,6.86422578598204,6.76796545204064
"BTG2-DT",6.38193692379824,6.27720231606104,6.41094264144202,6.44856655980157,6.50063253962392,6.61161064990083,6.1538162261778,6.31236086327998,6.38245459995901,6.38245459995915,6.38245459995911,6.28785459863366,6.45254833663839,6.48770688385705,6.51652938303712,6.30401714831947,6.42643512786096,6.34446810419523,6.38245459995898,6.3824545999591,6.38245459995902,6.32363226047116,6.31127202443935,6.45363717547859,6.38245459995905,6.54683160604192,6.40274420328097,6.30408917470285,6.2761534158106,6.49426493185242,6.38245459995908,6.27064426806538,6.38245459995908,6.38245459995901,6.37056023129226,6.42125076444049,6.26146763620537,6.24158999434992,6.49641740975348,6.38245459995901,6.38580170514288,6.1996367659324,6.43760309622146,6.27362594328281,6.38737821769791,6.21476649643911,6.31781470559726,6.17827616172484,6.23410658579661,6.37753868544438,6.37264427427926,6.31781470559712,6.31781470559692,6.39995279696531,6.24825119349638,6.2946356643686,6.1936224632697,6.18570753433919,6.31295421680494,6.18006676114028,6.36927658003227,6.20263179137581,6.36959927204349,6.52855385830106,6.32255807394387,6.16717238737512,6.3323525755163,6.3718476744233,6.48521354244919,6.51861623337602,6.30596658691516,6.31182067345878,6.26603013915072,6.32273966211816,6.28186317515565,6.31781470559712,6.31781470559704,6.42817929519661,6.20745011599787,6.45507449672457
"MAGEA10-MAGEA5",5.20797992747823,5.30450564228639,5.23199438710904,5.17147078243852,5.24392561801988,5.23041915993336,5.17091739889797,5.22614602255158,5.20310549543656,5.20310549543667,5.20310549543665,5.20585131676231,5.18006496832183,5.10170534858677,5.22638416222534,5.23825295905996,5.08744982069531,5.06778778213174,5.20310549543653,5.20310549543664,5.20310549543657,5.25354290413633,5.15122791579492,5.25498307507814,5.20310549543659,5.19083364682949,5.20869300447191,5.23585952143191,5.17703580901318,5.20263250979882,5.20310549543662,5.20357848107411,5.20310549543662,5.20310549543655,5.14987430626231,5.04493421911605,5.30439522178747,5.14776342878787,5.4698500275801,5.20310549543656,5.2841107131833,5.28832475478722,5.32642115648717,5.29343958839429,5.24427769514013,5.25703939496994,5.3291448773705,5.28314877431446,5.39376475737144,5.4058705612632,5.30890781508716,5.3291448773704,5.32914487737023,5.39937405354012,5.41401205960072,5.24589033614628,5.34111362020485,5.30385547355985,5.30444216729466,5.35480625259005,5.44105612772926,5.22971176785333,5.2678026113507,5.34775242253194,5.25029904836437,5.36421171868372,5.34014794196924,5.3800562981644,5.32818572652808,5.19712557018283,5.345350561725,5.58011826541631,5.39048714339006,5.32761257763139,5.37950399272079,5.3291448773704,5.32914487737033,5.27709680756697,5.38119294717401,5.24356000504726
"DTX2P1-UPK3BP1-PMS2P11",11.4314202104648,11.1226983081523,10.9925336666364,11.2053193167967,11.0481642673886,11.0463324806341,10.8522453869548,11.1251655049846,11.1099993593512,11.1099993593515,11.1099993593514,11.1321450946211,11.0948332137185,11.0973004105504,11.2013593962083,11.1265253871854,11.1276644634212,11.0892675292466,11.1099993593512,11.1099993593514,11.1099993593513,11.0917232767121,11.1109033946467,11.1090953240558,11.1099993593513,11.0513099429354,11.1240340815473,10.9501648820549,11.314488530868,11.1094208897592,11.1099993593514,11.110577828943,11.1099993593514,11.1099993593512,11.1246350217727,11.2094812631833,11.0852911952971,11.1944961620677,10.9113849903816,11.1099993593512,11.0573643235156,11.0597647589304,11.1705927427116,11.0894612269494,11.0283572290122,10.9490194067382,10.9979296669677,10.9561145684889,11.1150161328235,11.0421661767762,11.0677158112647,10.9979296669675,10.9979296669672,10.9875966405256,10.9675021049229,10.9333906881079,10.9433758425798,11.0537956524481,10.882610563632,10.9270548213779,11.0515404813963,10.9344333211406,10.9969858625394,10.8857031838385,10.9394380203787,11.0000365614746,10.9307961755484,10.8876986755758,11.0444064439944,11.020216419692,11.0565660300676,11.000996393002,10.9988734713956,11.0278162574835,10.9255932998232,10.9979296669675,10.9979296669674,10.9061479877868,11.0897113461486,10.9996797217727
"ELOA-AS1",6.0194025688191,5.97215149436753,6.06661429553251,5.99407712416584,6.07926480982721,6.32276263234799,5.78914226786781,6.05320156474407,6.04376915634503,6.04376915634516,6.04376915634513,6.07061604933695,6.03433674794636,6.11538681832257,6.02248959634304,6.08618952022649,5.87421719599472,6.32770460882916,6.04376915634498,6.04376915634511,6.04376915634503,5.93321339809912,5.96462338406253,6.12291492862744,6.04376915634506,6.11731587112208,6.02554854278727,6.10019676767482,5.93201544379626,6.05654288792439,6.04376915634509,6.03099542476541,6.04376915634509,6.04376915634501,6.07007636130473,6.19942933943471,5.98330496509556,6.17193436876975,5.73363655587101,6.04376915634502,6.19799279085641,6.17654572552607,6.3985694173713,6.23456879936792,6.0733579419875,6.5296754762675,6.21204137900822,6.14063903863685,6.14772097909514,6.14547788002935,6.32226110778678,6.21204137900807,6.21204137900785,6.11340861994641,6.35072481602871,6.14840157744307,6.28914373452272,6.24843766751895,6.16405812078041,6.00681124951965,6.13212300298832,6.1158822039729,6.19138504565071,6.24997365414037,6.2289059876651,6.10646988686601,6.38425793631126,6.19472463435194,6.22252753083356,6.41047140960775,6.33458867882406,6.09765788687405,6.2326977123654,5.95228795344361,6.17544026731473,6.21204137900808,6.21204137900799,6.03574782107874,6.38833493693766,6.28017677337255
"HHLA3",5.02345272919295,5.00704035856151,5.08308926130697,5.13410377959353,5.06141940228328,5.07917395512176,5.13152027565782,5.03892234603996,5.07804898665755,5.07804898665767,5.07804898665764,5.01695391907236,5.11717562727546,5.14905761475365,5.08908692772457,5.01240578842303,5.12229092199126,5.09452628409276,5.07804898665752,5.07804898665762,5.07804898665756,5.10585912701956,5.06533263712054,5.09076533619451,5.07804898665758,4.99058173015912,5.11732382869554,5.01619874757177,5.18809164020407,5.07837621579914,5.07804898665762,5.07772175751578,5.07804898665762,5.07804898665754,5.02449324794352,5.19014740391507,5.06075445506858,4.9901509583117,5.10740433646004,5.07804898665755,5.05867860611732,5.06209704261468,5.20236642310687,5.01208992435104,5.03001802766389,5.09093940948671,5.04546745824037,5.07801850056322,5.01615790176696,5.04457360956119,5.08065916298001,5.04546745824026,5.04546745824008,5.06997360068358,5.06091688881669,4.92437432532874,5.03564106524291,5.02932271097043,5.00191435832722,5.02070189419869,5.01449918627687,4.98368248447949,5.07252461077675,5.12717068119926,5.07305097532415,5.02192476632511,4.88124734519143,5.03320431820034,5.26783066921997,5.03110479618559,5.05485876551547,4.98474822547121,5.01841030570375,5.16804334499097,4.8663816791758,5.04546745824026,5.04546745824019,5.11279729250632,4.97813762397441,5.08330051611282
"C3orf36",6.23081337079039,6.06556625153395,6.12789580628061,6.11390606666374,6.1718725519733,6.24081716833143,5.91138693933676,6.08030148801602,6.12767249281958,6.12767249281971,6.12767249281968,6.14121560551462,6.17504349762349,6.18977873410526,6.04707484787845,6.23918191527203,6.10508216668754,6.16379097362383,6.12767249281955,6.12767249281967,6.12767249281958,6.02241181754491,6.07235394493847,6.18299104070061,6.12767249281962,6.14146408307898,6.18560532813568,5.9038901328811,6.27973042718287,6.14550634880508,6.12767249281965,6.10983863683387,6.12767249281965,6.12767249281957,6.20390141176793,5.98717145191719,6.14429317675717,6.20235262620022,6.11726448139312,6.12767249281958,6.28146977809441,6.01907957130228,6.13011067049791,6.08057288465037,6.02956026678857,6.27508702953793,6.06327963045596,6.07115928807951,5.95787847977764,6.06963465606711,6.15621563673432,6.06327963045583,6.06327963045562,6.06484934301948,6.09699899412315,6.05148139680819,5.98442773160957,6.05717708559643,5.97487645647332,5.95827746883414,5.83220172128817,6.14654221237551,5.97607894875107,5.9908670681641,6.15501929083139,5.97189182719691,6.12985295504503,6.09963462732032,6.08441521329387,6.03242426328351,6.15783076150622,6.04975147578346,6.15048031216055,6.03042962348876,5.96491988328158,6.06327963045583,6.06327963045574,6.11618340337992,6.01037585753196,6.0570308832781
