"","GSM2419971","GSM2419972","GSM2419973"
"hsa-let-7a-3p",-3.3219311,-3.207091,-3.0736556
"hsa-let-7a-5p",0.28414452,-3.207091,-3.0736556
"hsa-let-7b-3p",-3.3219311,-3.207091,-3.0736556
"hsa-let-7b-5p",3.7367656,3.3136203,4.003834
"hsa-let-7c",-1.7196413,-3.207091,-3.0736556
"hsa-let-7d-3p",3.3136203,2.719685,3.1970615
"hsa-let-7d-5p",-1.369831,-3.207091,-3.0736556
"hsa-let-7e-3p",-3.3219311,-3.207091,-3.0736556
"hsa-let-7e-5p",-3.3219311,-3.207091,-3.0736556
"hsa-let-7f-1-3p",-3.3219311,-3.207091,-3.0736556
"hsa-let-7f-2-3p",-3.3219311,-3.207091,-3.0736556
"hsa-let-7f-5p",-1.428937,-3.207091,-3.0736556
"hsa-let-7g-3p",-3.3219311,-3.207091,-3.0736556
"hsa-let-7g-5p",2.7643566,2.007399,-3.0736556
"hsa-let-7i-3p",-3.3219311,-3.207091,-3.0736556
"hsa-let-7i-5p",4.9698143,4.7903647,4.4453325
"hsa-miR-1",-3.3219311,-3.207091,-3.0736556
"hsa-miR-100-3p",-3.3219311,-3.207091,-3.0736556
"hsa-miR-100-5p",-3.3219311,-3.207091,-3.0736556
"hsa-miR-101-3p",3.8707795,3.9138272,3.9650717
"hsa-miR-101-5p",-3.3219311,-3.207091,-3.0736556
"hsa-miR-103a-2-5p",-3.3219311,-3.207091,-3.0736556
"hsa-miR-103a-3p",3.9449072,3.9650717,3.7932544
"hsa-miR-103b",-3.3219311,-3.207091,-3.0736556
"hsa-miR-105-3p",-3.3219311,-3.207091,-3.0736556
"hsa-miR-105-5p",-3.3219311,-3.207091,-3.0736556
"hsa-miR-106a-3p",-3.3219311,-3.207091,-3.0736556
"hsa-miR-106b-3p",-3.3219311,-3.207091,-3.0736556
"hsa-miR-106b-5p",5.256756,5.6723576,6.321444
"hsa-miR-107",5.5651917,5.1085143,4.9318933
"hsa-miR-10a-3p",-3.3219311,-3.207091,-3.0736556
"hsa-miR-10a-5p",-3.3219311,-3.207091,-3.0736556
"hsa-miR-10b-3p",-3.3219311,-3.207091,-3.0736556
"hsa-miR-10b-5p",-1.623035,-3.207091,-3.0736556
"hsa-miR-1178-3p",-3.3219311,-3.207091,-3.0736556
"hsa-miR-1178-5p",-3.3219311,-3.207091,-3.0736556
"hsa-miR-1179",-3.3219311,-3.207091,-3.0736556
"hsa-miR-1180",-1.7154264,-3.207091,-3.0736556
"hsa-miR-1181",4.7507153,5.3147936,5.1965594
"hsa-miR-1182",4.827251,4.565673,4.1656704
"hsa-miR-1183",4.8675337,4.890602,4.5243926
"hsa-miR-1184",-3.3219311,-3.207091,-3.0736556
"hsa-miR-1185-1-3p",4.7903647,4.9733887,4.6292014
"hsa-miR-1185-2-3p",3.6976626,3.9449072,3.4913318
"hsa-miR-1185-5p",-3.3219311,-3.207091,-3.0736556
"hsa-miR-1193",-3.3219311,-3.207091,-3.0736556
"hsa-miR-1197",-3.3219311,-3.207091,-3.0736556
"hsa-miR-1200",-3.3219311,-3.207091,-3.0736556
"hsa-miR-1202",10.816939,10.841746,10.17838
"hsa-miR-1203",-3.3219311,-3.207091,-3.0736556
"hsa-miR-1204",-3.3219311,-3.207091,-3.0736556
"hsa-miR-1205",-3.3219311,-3.207091,-3.0736556
"hsa-miR-1206",-3.3219311,-3.207091,-3.0736556
"hsa-miR-1207-3p",-3.3219311,-3.207091,-3.0736556
"hsa-miR-1207-5p",10.841746,10.414512,10.414512
"hsa-miR-1208",2.5938458,2.1544275,-3.0736556
"hsa-miR-122-3p",-3.3219311,-3.207091,-3.0736556
"hsa-miR-122-5p",2.54431,3.810272,3.8568783
"hsa-miR-1224-3p",-3.3219311,-3.207091,-3.0736556
"hsa-miR-1224-5p",5.2268353,4.901353,4.872682
"hsa-miR-1225-3p",3.0620103,3.3020809,2.9837327
"hsa-miR-1225-5p",10.414512,10.445773,9.8059025
"hsa-miR-1226-3p",-3.3219311,-3.207091,-3.0736556
"hsa-miR-1226-5p",5.3357415,4.872682,4.0167317
"hsa-miR-1227-3p",-3.3219311,-3.207091,-3.0736556
"hsa-miR-1227-5p",6.4013696,6.1285615,7.032603
"hsa-miR-1228-3p",2.9127893,3.6546688,3.5522776
"hsa-miR-1228-5p",-1.9172742,-3.207091,-3.0736556
"hsa-miR-1229-3p",0.48319444,0.4701872,-3.0736556
"hsa-miR-1229-5p",9.485444,9.112738,8.074169
"hsa-miR-1231",-3.3219311,-3.207091,-3.0736556
"hsa-miR-1233-1-5p",3.1826735,0.28414452,2.0436354
"hsa-miR-1234-3p",0.4809004,2.54431,-3.0736556
"hsa-miR-1234-5p",12.159297,12.159297,11.897646
"hsa-miR-1236-3p",-3.3219311,-3.207091,-3.0736556
"hsa-miR-1236-5p",4.0737176,4.4050045,4.763835
"hsa-miR-1237-3p",-1.6729913,0.28996348,-3.0736556
"hsa-miR-1237-5p",-3.3219311,-3.207091,-3.0736556
"hsa-miR-1238-3p",-1.3436624,0.5978092,-3.0736556
"hsa-miR-1238-5p",0.1439616,-3.207091,-3.0736556
"hsa-miR-124-3p",-3.3219311,-3.207091,-3.0736556
"hsa-miR-124-5p",-3.3219311,-3.207091,-3.0736556
"hsa-miR-1243",-3.3219311,-3.207091,-3.0736556
"hsa-miR-1244",-3.3219311,-3.207091,-3.0736556
"hsa-miR-1245a",-3.3219311,-3.207091,-3.0736556
"hsa-miR-1245b-3p",-3.3219311,-3.207091,-3.0736556
"hsa-miR-1245b-5p",-3.3219311,-3.207091,-3.0736556
"hsa-miR-1246",8.180164,6.6621666,6.038949
"hsa-miR-1247-3p",0.28043637,2.5726235,-3.0736556
"hsa-miR-1247-5p",-3.3219311,-3.207091,-3.0736556
"hsa-miR-1248",-3.3219311,-3.207091,-3.0736556
"hsa-miR-1249",3.2738156,3.8707795,3.1663105
"hsa-miR-1250",-3.3219311,-3.207091,-3.0736556
"hsa-miR-1251",-3.3219311,-3.207091,-3.0736556
"hsa-miR-1252",-3.3219311,-3.207091,-3.0736556
"hsa-miR-1253",-3.3219311,-3.207091,-3.0736556
"hsa-miR-1254",-1.4711337,-3.207091,-3.0736556
"hsa-miR-1255a",-3.3219311,-3.207091,-3.0736556
"hsa-miR-1255b-2-3p",-3.3219311,-3.207091,-3.0736556
"hsa-miR-1255b-5p",-3.3219311,-3.207091,-3.0736556
"hsa-miR-1256",-3.3219311,-3.207091,-3.0736556
"hsa-miR-1257",-3.3219311,-3.207091,-3.0736556
"hsa-miR-1258",-3.3219311,-3.207091,-3.0736556
"hsa-miR-125a-3p",4.261028,4.9498367,5.543581
"hsa-miR-125a-5p",-3.3219311,-3.207091,-3.0736556
"hsa-miR-125b-1-3p",-3.3219311,-3.207091,1.8040142
"hsa-miR-125b-2-3p",-3.3219311,-3.207091,-3.0736556
"hsa-miR-125b-5p",-3.3219311,-3.207091,-3.0736556
"hsa-miR-126-3p",4.565673,4.589204,4.7507153
"hsa-miR-126-5p",-1.679952,-3.207091,-3.0736556
"hsa-miR-1260a",-1.5023723,1.8491573,2.7956212
"hsa-miR-1260b",0.5992049,2.2491386,3.4446106
"hsa-miR-1261",-3.3219311,-3.207091,-3.0736556
"hsa-miR-1262",-3.3219311,-3.207091,-3.0736556
"hsa-miR-1263",-3.3219311,-3.207091,-3.0736556
"hsa-miR-1264",-3.3219311,-3.207091,-3.0736556
"hsa-miR-1265",-3.3219311,-3.207091,-3.0736556
"hsa-miR-1266",-3.3219311,-3.207091,-3.0736556
"hsa-miR-1267",-3.3219311,-3.207091,-3.0736556
"hsa-miR-1268a",8.344597,8.203892,7.5831914
"hsa-miR-1268b",7.2277746,6.8765206,6.0699806
"hsa-miR-1269a",-3.3219311,-3.207091,-3.0736556
"hsa-miR-1269b",-3.3219311,-3.207091,-3.0736556
"hsa-miR-127-3p",-3.3219311,-3.207091,-3.0736556
"hsa-miR-127-5p",-3.3219311,-3.207091,-3.0736556
"hsa-miR-1270",-3.3219311,-3.207091,-3.0736556
"hsa-miR-1271-3p",-3.3219311,-3.207091,-3.0736556
"hsa-miR-1271-5p",-3.3219311,-3.207091,-3.0736556
"hsa-miR-1272",-3.3219311,-3.207091,-3.0736556
"hsa-miR-1273a",-3.3219311,-3.207091,-3.0736556
"hsa-miR-1273c",-3.3219311,-3.207091,-3.0736556
"hsa-miR-1273d",-1.7649246,-3.207091,-3.0736556
"hsa-miR-1273e",1.8343475,0.43694413,2.4407382
"hsa-miR-1273f",3.5522776,3.9979556,4.0737176
"hsa-miR-1273g-3p",6.6621666,7.2052646,7.566932
"hsa-miR-1273g-5p",-3.3219311,-3.207091,-3.0736556
"hsa-miR-1275",7.883151,7.5831914,7.170246
"hsa-miR-1276",-3.3219311,-3.207091,-3.0736556
"hsa-miR-1277-3p",-3.3219311,-3.207091,-3.0736556
"hsa-miR-1278",-3.3219311,-3.207091,-3.0736556
"hsa-miR-1279",-3.3219311,-3.207091,-3.0736556
"hsa-miR-128",-3.3219311,-3.207091,-3.0736556
"hsa-miR-1281",0.42454943,3.3807425,4.1266193
"hsa-miR-1282",-3.3219311,-3.207091,-3.0736556
"hsa-miR-1283",-3.3219311,-3.207091,-3.0736556
"hsa-miR-1284",-3.3219311,-3.207091,-3.0736556
"hsa-miR-1285-3p",-3.3219311,-3.207091,-3.0736556
"hsa-miR-1285-5p",-1.6472361,-3.207091,-3.0736556
"hsa-miR-1286",-3.3219311,-3.207091,-3.0736556
"hsa-miR-1287",-3.3219311,-3.207091,-3.0736556
"hsa-miR-1288",-1.82575,-3.207091,-3.0736556
"hsa-miR-1289",-3.3219311,-3.207091,-3.0736556
"hsa-miR-129-1-3p",-3.3219311,-3.207091,-3.0736556
"hsa-miR-129-2-3p",-3.3219311,-3.207091,-3.0736556
"hsa-miR-129-5p",-3.3219311,-3.207091,-3.0736556
"hsa-miR-1290",5.366666,3.8441708,3.3807425
"hsa-miR-1291",-3.3219311,-3.207091,-3.0736556
"hsa-miR-1292-3p",-3.3219311,-3.207091,-3.0736556
"hsa-miR-1292-5p",-3.3219311,-3.207091,-3.0736556
"hsa-miR-1293",-3.3219311,-3.207091,-3.0736556
"hsa-miR-1294",-3.3219311,-3.207091,-3.0736556
"hsa-miR-1295a",-3.3219311,-3.207091,-3.0736556
"hsa-miR-1295b-3p",-3.3219311,-3.207091,-3.0736556
"hsa-miR-1295b-5p",-3.3219311,-3.207091,-3.0736556
"hsa-miR-1296",-3.3219311,-3.207091,-3.0736556
"hsa-miR-1297",-3.3219311,-3.207091,-3.0736556
"hsa-miR-1298",-3.3219311,-3.207091,-3.0736556
"hsa-miR-1299",2.2525213,0.28544596,-3.0736556
"hsa-miR-1301",-3.3219311,-3.207091,-3.0736556
"hsa-miR-1302",-3.3219311,-3.207091,-3.0736556
"hsa-miR-1303",0.46562943,1.795457,-3.0736556
"hsa-miR-1304-3p",-3.3219311,-3.207091,-3.0736556
"hsa-miR-1304-5p",-3.3219311,-3.207091,-3.0736556
"hsa-miR-1305",3.5704665,3.2333822,3.3792603
"hsa-miR-1306-3p",0.24512129,-3.207091,-3.0736556
"hsa-miR-1306-5p",-3.3219311,-3.207091,-3.0736556
"hsa-miR-1307-3p",3.8441708,3.8360605,4.398381
"hsa-miR-1307-5p",-1.6130912,-3.207091,-3.0736556
"hsa-miR-130a-3p",5.7656484,5.9302816,5.8881135
"hsa-miR-130a-5p",-3.3219311,-3.207091,-3.0736556
"hsa-miR-130b-3p",3.6052566,3.8008242,3.701857
"hsa-miR-130b-5p",-3.3219311,-3.207091,-3.0736556
"hsa-miR-132-3p",-3.3219311,-3.207091,-3.0736556
"hsa-miR-132-5p",-3.3219311,-3.207091,-3.0736556
"hsa-miR-1321",-3.3219311,-3.207091,-3.0736556
"hsa-miR-1322",-3.3219311,-3.207091,-3.0736556
"hsa-miR-1323",3.4980218,2.7643566,-3.0736556
"hsa-miR-1324",-3.3219311,-3.207091,-3.0736556
"hsa-miR-133a",-3.3219311,-3.207091,-3.0736556
"hsa-miR-133b",-3.3219311,-3.207091,-3.0736556
"hsa-miR-134",8.703368,8.309331,7.6280236
"hsa-miR-1343",-3.3219311,-3.207091,-3.0736556
"hsa-miR-135a-3p",5.3318915,5.2803807,4.8675337
"hsa-miR-135a-5p",-3.3219311,-3.207091,-3.0736556
"hsa-miR-135b-3p",-1.4363596,-3.207091,-3.0736556
"hsa-miR-135b-5p",-3.3219311,-3.207091,-3.0736556
"hsa-miR-136-3p",-3.3219311,-3.207091,-3.0736556
"hsa-miR-136-5p",-3.3219311,-3.207091,-3.0736556
"hsa-miR-137",-3.3219311,-3.207091,-3.0736556
"hsa-miR-138-1-3p",-3.3219311,-3.207091,-3.0736556
"hsa-miR-138-2-3p",-3.3219311,-3.207091,-3.0736556
"hsa-miR-138-5p",-1.8313241,0.34431615,-3.0736556
"hsa-miR-139-3p",4.0262055,4.1266193,3.776323
"hsa-miR-139-5p",-3.3219311,-3.207091,-3.0736556
"hsa-miR-140-3p",4.1164203,4.0737176,4.4269867
"hsa-miR-140-5p",-1.3715042,-3.207091,-3.0736556
"hsa-miR-141-3p",-3.3219311,-3.207091,-3.0736556
"hsa-miR-141-5p",-3.3219311,-3.207091,-3.0736556
"hsa-miR-142-3p",4.852462,4.8107786,4.5073686
"hsa-miR-142-5p",3.4425852,3.701857,3.6736429
"hsa-miR-143-3p",-3.3219311,-3.207091,-3.0736556
"hsa-miR-143-5p",-3.3219311,-3.207091,-3.0736556
"hsa-miR-144-3p",6.364811,7.270251,7.096422
"hsa-miR-144-5p",-3.3219311,-3.207091,-3.0736556
"hsa-miR-145-3p",-3.3219311,-3.207091,-3.0736556
"hsa-miR-145-5p",-1.35329,0.32507968,2.5251057
"hsa-miR-1468",-3.3219311,-3.207091,-3.0736556
"hsa-miR-1469",-1.4049512,-3.207091,-3.0736556
"hsa-miR-146a-3p",-3.3219311,-3.207091,-3.0736556
"hsa-miR-146a-5p",4.6292014,4.5243926,4.7247024
"hsa-miR-146b-3p",-3.3219311,-3.207091,-3.0736556
"hsa-miR-146b-5p",-3.3219311,-3.207091,-3.0736556
"hsa-miR-1470",-3.3219311,-3.207091,-3.0736556
"hsa-miR-1471",5.098532,5.256756,4.9698143
"hsa-miR-147a",-3.3219311,-3.207091,-3.0736556
"hsa-miR-147b",-3.3219311,-3.207091,-3.0736556
"hsa-miR-148a-3p",3.3416066,2.9726644,3.1553457
"hsa-miR-148a-5p",-3.3219311,-3.207091,-3.0736556
"hsa-miR-148b-3p",2.4060018,2.7506144,3.3020809
"hsa-miR-148b-5p",-3.3219311,-3.207091,-3.0736556
"hsa-miR-149-3p",3.5380957,3.122595,2.2620194
"hsa-miR-149-5p",-3.3219311,-3.207091,-3.0736556
"hsa-miR-150-3p",7.6280236,8.657183,8.344597
"hsa-miR-150-5p",2.9679365,2.0436354,1.9043297
"hsa-miR-151a-3p",3.1553457,3.5380957,4.2306266
"hsa-miR-151a-5p",0.021764934,0.5120301,-3.0736556
"hsa-miR-151b",3.2333822,3.018249,2.5938458
"hsa-miR-152",-3.3219311,-3.207091,-3.0736556
"hsa-miR-153",-3.3219311,-3.207091,-3.0736556
"hsa-miR-1537",-3.3219311,-3.207091,-3.0736556
"hsa-miR-1538",-3.3219311,-3.207091,-3.0736556
"hsa-miR-1539",-3.3219311,-3.207091,-3.0736556
"hsa-miR-154-3p",-3.3219311,-3.207091,-3.0736556
"hsa-miR-154-5p",-3.3219311,-3.207091,-3.0736556
"hsa-miR-155-3p",-3.3219311,-3.207091,-3.0736556
"hsa-miR-155-5p",-1.3803574,-3.207091,-3.0736556
"hsa-miR-1587",6.9227304,6.6229086,7.6785703
"hsa-miR-15a-3p",-3.3219311,-3.207091,-3.0736556
"hsa-miR-15a-5p",6.454773,5.828859,5.3147936
"hsa-miR-15b-3p",-3.3219311,-3.207091,-3.0736556
"hsa-miR-15b-5p",5.1260324,4.617779,4.852462
"hsa-miR-16-1-3p",-3.3219311,-3.207091,-3.0736556
"hsa-miR-16-2-3p",-2.0097468,-3.207091,-3.0736556
"hsa-miR-16-5p",8.647142,8.054936,7.883151
"hsa-miR-17-3p",-3.3219311,-3.207091,-3.0736556
"hsa-miR-17-5p",3.3974795,3.2702742,3.509763
"hsa-miR-181a-2-3p",-3.3219311,-3.207091,-3.0736556
"hsa-miR-181a-3p",-3.3219311,-3.207091,-3.0736556
"hsa-miR-181a-5p",3.1970615,3.1084423,3.5627422
"hsa-miR-181b-3p",-3.3219311,-3.207091,-3.0736556
"hsa-miR-181b-5p",-1.404371,-3.207091,-3.0736556
"hsa-miR-181c-3p",-3.3219311,-3.207091,-3.0736556
"hsa-miR-181c-5p",-3.3219311,-3.207091,-3.0736556
"hsa-miR-181d",-1.6941376,-3.207091,-3.0736556
"hsa-miR-182-3p",-3.3219311,-3.207091,-3.0736556
"hsa-miR-182-5p",-3.3219311,-3.207091,-3.0736556
"hsa-miR-1825",-1.3617698,2.6335714,3.4425852
"hsa-miR-1827",-3.3219311,-3.207091,-3.0736556
"hsa-miR-183-3p",-3.3219311,-3.207091,-3.0736556
"hsa-miR-183-5p",-3.3219311,-3.207091,-3.0736556
"hsa-miR-184",-3.3219311,-3.207091,-3.0736556
"hsa-miR-185-3p",-3.3219311,-3.207091,-3.0736556
"hsa-miR-185-5p",4.10977,4.4269867,5.1260324
"hsa-miR-186-3p",2.36444,2.17475,-3.0736556
"hsa-miR-186-5p",0.63595915,0.49351248,2.719685
"hsa-miR-187-3p",-3.3219311,-3.207091,-3.0736556
"hsa-miR-187-5p",4.7440624,4.9945397,4.565673
"hsa-miR-188-3p",-3.3219311,-3.207091,-3.0736556
"hsa-miR-188-5p",6.2490096,6.1081667,5.6723576
"hsa-miR-18a-3p",-3.3219311,-3.207091,-3.0736556
"hsa-miR-18a-5p",-1.7958144,-3.207091,-3.0736556
"hsa-miR-18b-3p",-3.3219311,-3.207091,-3.0736556
"hsa-miR-18b-5p",-1.865779,-3.207091,-3.0736556
"hsa-miR-1908",-3.3219311,-3.207091,-3.0736556
"hsa-miR-1909-3p",-3.3219311,-3.207091,-3.0736556
"hsa-miR-1909-5p",-3.3219311,-3.207091,-3.0736556
"hsa-miR-190a",-3.3219311,-3.207091,-3.0736556
"hsa-miR-190b",-3.3219311,-3.207091,-3.0736556
"hsa-miR-191-3p",-1.3807648,2.285926,-3.0736556
"hsa-miR-191-5p",-3.3219311,-3.207091,-3.0736556
"hsa-miR-1910",-3.3219311,-3.207091,-3.0736556
"hsa-miR-1911-3p",-3.3219311,-3.207091,-3.0736556
"hsa-miR-1911-5p",1.9043297,-3.207091,-3.0736556
"hsa-miR-1912",-3.3219311,-3.207091,-3.0736556
"hsa-miR-1913",-3.3219311,-3.207091,-3.0736556
"hsa-miR-1914-3p",4.9318933,5.2440705,4.6530666
"hsa-miR-1914-5p",-3.3219311,-3.207091,-3.0736556
"hsa-miR-1915-3p",10.542308,10.242373,9.951961
"hsa-miR-1915-5p",-1.8156742,-3.207091,-3.0736556
"hsa-miR-192-3p",-3.3219311,-3.207091,-3.0736556
"hsa-miR-192-5p",-1.6777785,-3.207091,-3.0736556
"hsa-miR-193a-3p",-3.3219311,-3.207091,-3.0736556
"hsa-miR-193a-5p",2.17475,0.40610063,3.6895773
"hsa-miR-193b-3p",-3.3219311,-3.207091,-3.0736556
"hsa-miR-193b-5p",-1.4006847,-3.207091,2.1197338
"hsa-miR-194-3p",-3.3219311,-3.207091,-3.0736556
"hsa-miR-194-5p",-3.3219311,-3.207091,-3.0736556
"hsa-miR-195-3p",-3.3219311,-3.207091,-3.0736556
"hsa-miR-195-5p",-3.3219311,-3.207091,-3.0736556
"hsa-miR-196a-3p",-3.3219311,-3.207091,-3.0736556
"hsa-miR-196a-5p",1.8491573,1.9043297,-3.0736556
"hsa-miR-196b-3p",-3.3219311,-3.207091,-3.0736556
"hsa-miR-196b-5p",0.4504793,-3.207091,-3.0736556
"hsa-miR-197-3p",3.7114282,3.5704665,3.8441708
"hsa-miR-197-5p",10.221312,10.221312,9.485444
"hsa-miR-1972",0.4701872,0.38254166,-3.0736556
"hsa-miR-1973",-3.3219311,-3.207091,-3.0736556
"hsa-miR-1976",-3.3219311,-3.207091,-3.0736556
"hsa-miR-198",2.9837327,2.6291637,2.067525
"hsa-miR-199a-3p",3.122595,2.8691173,2.928605
"hsa-miR-199a-5p",-0.117373474,1.7577919,2.6335714
"hsa-miR-199b-5p",-3.3219311,-3.207091,-3.0736556
"hsa-miR-19a-3p",5.2803807,5.3318915,5.5651917
"hsa-miR-19a-5p",-3.3219311,-3.207091,-3.0736556
"hsa-miR-19b-1-5p",-3.3219311,-3.207091,-3.0736556
"hsa-miR-19b-2-5p",-3.3219311,-3.207091,-3.0736556
"hsa-miR-19b-3p",6.8765206,7.032603,7.492075
"hsa-miR-200a-3p",-3.3219311,-3.207091,-3.0736556
"hsa-miR-200a-5p",-3.3219311,-3.207091,-3.0736556
"hsa-miR-200b-3p",-3.3219311,-3.207091,-3.0736556
"hsa-miR-200b-5p",-3.3219311,-3.207091,-3.0736556
"hsa-miR-200c-3p",-3.3219311,-3.207091,-3.0736556
"hsa-miR-200c-5p",-3.3219311,-3.207091,-3.0736556
"hsa-miR-202-3p",4.5243926,4.156076,5.2440705
"hsa-miR-202-5p",-3.3219311,-3.207091,-3.0736556
"hsa-miR-203a",-3.3219311,-3.207091,-3.0736556
"hsa-miR-203b-3p",-3.3219311,-3.207091,-3.0736556
"hsa-miR-203b-5p",-3.3219311,-3.207091,-3.0736556
"hsa-miR-204-3p",-3.3219311,-3.207091,-3.0736556
"hsa-miR-204-5p",-3.3219311,-3.207091,-3.0736556
"hsa-miR-205-3p",-3.3219311,-3.207091,-3.0736556
"hsa-miR-205-5p",-3.3219311,-3.207091,-3.0736556
"hsa-miR-2052",-3.3219311,-3.207091,-3.0736556
"hsa-miR-2053",-3.3219311,-3.207091,-3.0736556
"hsa-miR-206",-3.3219311,-3.207091,-3.0736556
"hsa-miR-208a",-3.3219311,-3.207091,-3.0736556
"hsa-miR-208b",-3.3219311,-3.207091,-3.0736556
"hsa-miR-20a-3p",-3.3219311,-3.207091,-3.0736556
"hsa-miR-20a-5p",4.323819,4.0633774,4.198999
"hsa-miR-20b-3p",-3.3219311,-3.207091,-3.0736556
"hsa-miR-20b-5p",2.6670117,2.3536875,2.772409
"hsa-miR-21-3p",-3.3219311,-3.207091,-3.0736556
"hsa-miR-21-5p",8.074169,7.71725,8.054936
"hsa-miR-210",-1.6781472,-3.207091,-3.0736556
"hsa-miR-211-3p",3.6603727,3.7168727,4.261028
"hsa-miR-211-5p",-3.3219311,-3.207091,-3.0736556
"hsa-miR-2110",-3.3219311,-3.207091,-3.0736556
"hsa-miR-2113",-3.3219311,-3.207091,-3.0736556
"hsa-miR-2114-3p",-3.3219311,-3.207091,-3.0736556
"hsa-miR-2114-5p",-3.3219311,-3.207091,-3.0736556
"hsa-miR-2115-3p",-3.3219311,-3.207091,-3.0736556
"hsa-miR-2115-5p",-3.3219311,-3.207091,-3.0736556
"hsa-miR-2116-3p",-3.3219311,-3.207091,-3.0736556
"hsa-miR-2116-5p",-3.3219311,-3.207091,-3.0736556
"hsa-miR-2117",-3.3219311,-3.207091,-3.0736556
"hsa-miR-212-3p",-3.3219311,-3.207091,-3.0736556
"hsa-miR-212-5p",-3.3219311,-3.207091,-3.0736556
"hsa-miR-214-3p",-3.3219311,-3.207091,-3.0736556
"hsa-miR-214-5p",-3.3219311,-3.207091,-3.0736556
"hsa-miR-215",-3.3219311,-3.207091,-3.0736556
"hsa-miR-216a-3p",-3.3219311,-3.207091,-3.0736556
"hsa-miR-216a-5p",-3.3219311,-3.207091,-3.0736556
"hsa-miR-216b",-3.3219311,-3.207091,-3.0736556
"hsa-miR-217",-3.3219311,-3.207091,-3.0736556
"hsa-miR-218-1-3p",-3.3219311,-3.207091,-3.0736556
"hsa-miR-218-2-3p",-3.3219311,-3.207091,-3.0736556
"hsa-miR-218-5p",-3.3219311,-3.207091,-3.0736556
"hsa-miR-219-1-3p",-3.3219311,-3.207091,-3.0736556
"hsa-miR-219-2-3p",-3.3219311,-3.207091,-3.0736556
"hsa-miR-219-5p",-3.3219311,-3.207091,-3.0736556
"hsa-miR-22-3p",7.525301,7.9267807,8.366232
"hsa-miR-22-5p",-3.3219311,-3.207091,-3.0736556
"hsa-miR-221-3p",3.3792603,3.4689379,4.1384788
"hsa-miR-221-5p",-3.3219311,-3.207091,-3.0736556
"hsa-miR-222-3p",0.21429884,0.4504793,2.54431
"hsa-miR-222-5p",-3.3219311,-3.207091,-3.0736556
"hsa-miR-223-3p",9.22728,8.344597,9.112738
"hsa-miR-223-5p",-2.1691952,-3.207091,-3.0736556
"hsa-miR-224-3p",-3.3219311,-3.207091,-3.0736556
"hsa-miR-224-5p",-3.3219311,-3.207091,-3.0736556
"hsa-miR-2276",5.860832,5.860832,5.366666
"hsa-miR-2277-3p",-3.3219311,-3.207091,-3.0736556
"hsa-miR-2277-5p",-3.3219311,-3.207091,-3.0736556
"hsa-miR-2278",-1.5192097,0.16280587,-3.0736556
"hsa-miR-2355-3p",-3.3219311,-3.207091,-3.0736556
"hsa-miR-2355-5p",-3.3219311,-3.207091,-3.0736556
"hsa-miR-2392",7.2052646,6.9227304,6.3069415
"hsa-miR-23a-3p",6.7243032,6.091837,6.5568066
"hsa-miR-23a-5p",-2.0470088,-3.207091,-3.0736556
"hsa-miR-23b-3p",2.3218508,0.5992049,2.1544275
"hsa-miR-23b-5p",-3.3219311,-3.207091,-3.0736556
"hsa-miR-23c",-3.3219311,-3.207091,-3.0736556
"hsa-miR-24-1-5p",-3.3219311,-3.207091,-3.0736556
"hsa-miR-24-2-5p",-3.3219311,-3.207091,-3.0736556
"hsa-miR-24-3p",5.9302816,5.7656484,6.364811
"hsa-miR-2467-3p",-1.3759074,-3.207091,-3.0736556
"hsa-miR-2467-5p",-3.3219311,-3.207091,-3.0736556
"hsa-miR-25-3p",5.828859,5.479895,6.05573
"hsa-miR-25-5p",-3.3219311,-3.207091,-3.0736556
"hsa-miR-2681-3p",-3.3219311,-3.207091,-3.0736556
"hsa-miR-2681-5p",-3.3219311,-3.207091,-3.0736556
"hsa-miR-2682-3p",-3.3219311,-3.207091,-3.0736556
"hsa-miR-2682-5p",-3.3219311,-3.207091,-3.0736556
"hsa-miR-26a-1-3p",-3.3219311,-3.207091,-3.0736556
"hsa-miR-26a-2-3p",-3.3219311,-3.207091,-3.0736556
"hsa-miR-26a-5p",4.9945397,5.348327,5.6106224
"hsa-miR-26b-3p",-3.3219311,-3.207091,-3.0736556
"hsa-miR-26b-5p",2.730394,0.6417286,-3.0736556
"hsa-miR-27a-3p",5.028312,4.7507153,4.9733887
"hsa-miR-27a-5p",-3.3219311,-3.207091,-3.0736556
"hsa-miR-27b-3p",2.8424945,2.8212373,2.567832
"hsa-miR-27b-5p",-3.3219311,-3.207091,-3.0736556
"hsa-miR-28-3p",-3.3219311,-3.207091,-3.0736556
"hsa-miR-28-5p",-3.3219311,-3.207091,-3.0736556
"hsa-miR-2861",11.391525,11.320985,11.823231
"hsa-miR-2909",-3.3219311,-3.207091,-3.0736556
"hsa-miR-296-3p",-3.3219311,-3.207091,-3.0736556
"hsa-miR-296-5p",-1.5057324,0.4213147,-3.0736556
"hsa-miR-2964a-3p",-3.3219311,-3.207091,-3.0736556
"hsa-miR-2964a-5p",-3.3219311,-3.207091,-3.0736556
"hsa-miR-297",-3.3219311,-3.207091,-3.0736556
"hsa-miR-298",-3.3219311,-3.207091,-3.0736556
"hsa-miR-299-3p",-3.3219311,-3.207091,-3.0736556
"hsa-miR-299-5p",-3.3219311,-3.207091,-3.0736556
"hsa-miR-29a-3p",4.589204,4.198999,4.156076
"hsa-miR-29a-5p",-3.3219311,-3.207091,-3.0736556
"hsa-miR-29b-1-5p",-3.3219311,-3.207091,-3.0736556
"hsa-miR-29b-2-5p",-3.3219311,-3.207091,-3.0736556
"hsa-miR-29b-3p",-0.123430096,0.5786775,2.2279446
"hsa-miR-29c-3p",4.7247024,4.9318933,5.152357
"hsa-miR-29c-5p",-3.3219311,-3.207091,-3.0736556
"hsa-miR-300",-3.3219311,-3.207091,-3.0736556
"hsa-miR-301a-3p",-1.5012177,0.33409086,2.17475
"hsa-miR-301a-5p",-3.3219311,-3.207091,-3.0736556
"hsa-miR-301b",-3.3219311,-3.207091,-3.0736556
"hsa-miR-302a-3p",-3.3219311,-3.207091,-3.0736556
"hsa-miR-302a-5p",-3.3219311,-3.207091,-3.0736556
"hsa-miR-302b-3p",-3.3219311,-3.207091,-3.0736556
"hsa-miR-302b-5p",-3.3219311,-3.207091,-3.0736556
"hsa-miR-302c-3p",-3.3219311,-3.207091,-3.0736556
"hsa-miR-302c-5p",-3.3219311,-3.207091,-3.0736556
"hsa-miR-302d-3p",-3.3219311,-3.207091,-3.0736556
"hsa-miR-302d-5p",-3.3219311,-3.207091,-3.0736556
"hsa-miR-302e",-3.3219311,-3.207091,-3.0736556
"hsa-miR-302f",-3.3219311,-3.207091,-3.0736556
"hsa-miR-3064-3p",-3.3219311,-3.207091,-3.0736556
"hsa-miR-3064-5p",-3.3219311,-3.207091,-3.0736556
"hsa-miR-3065-3p",-3.3219311,-3.207091,-3.0736556
"hsa-miR-3065-5p",-3.3219311,-3.207091,-3.0736556
"hsa-miR-3074-3p",-3.3219311,-3.207091,-3.0736556
"hsa-miR-3074-5p",-3.3219311,-3.207091,-3.0736556
"hsa-miR-30a-3p",-3.3219311,-3.207091,-3.0736556
"hsa-miR-30a-5p",2.7956212,3.2738156,3.9138272
"hsa-miR-30b-3p",-3.3219311,-3.207091,-3.0736556
"hsa-miR-30b-5p",0.29592374,0.20036721,-3.0736556
"hsa-miR-30c-1-3p",0.32507968,0.54774934,1.8040142
"hsa-miR-30c-2-3p",-1.4773281,0.16114978,2.180141
"hsa-miR-30c-5p",-1.6131133,-3.207091,-3.0736556
"hsa-miR-30d-3p",-3.3219311,-3.207091,-3.0736556
"hsa-miR-30d-5p",6.091837,6.0699806,6.8569593
"hsa-miR-30e-3p",-3.3219311,-3.207091,-3.0736556
"hsa-miR-30e-5p",5.0631943,5.2268353,5.9772625
"hsa-miR-31-3p",-3.3219311,-3.207091,-3.0736556
"hsa-miR-31-5p",-3.3219311,-3.207091,-3.0736556
"hsa-miR-3115",-3.3219311,-3.207091,-3.0736556
"hsa-miR-3116",-3.3219311,-3.207091,-3.0736556
"hsa-miR-3117-3p",-3.3219311,-3.207091,-3.0736556
"hsa-miR-3117-5p",-3.3219311,-3.207091,-3.0736556
"hsa-miR-3118",-3.3219311,-3.207091,-3.0736556
"hsa-miR-3119",-3.3219311,-3.207091,-3.0736556
"hsa-miR-3120-3p",-3.3219311,-3.207091,-3.0736556
"hsa-miR-3120-5p",-3.3219311,-3.207091,-3.0736556
"hsa-miR-3121-3p",-3.3219311,-3.207091,-3.0736556
"hsa-miR-3121-5p",-3.3219311,-3.207091,-3.0736556
"hsa-miR-3122",-3.3219311,-3.207091,-3.0736556
"hsa-miR-3123",-3.3219311,-3.207091,-3.0736556
"hsa-miR-3124-3p",-3.3219311,-3.207091,-3.0736556
"hsa-miR-3124-5p",-1.7596847,-3.207091,-3.0736556
"hsa-miR-3125",2.0993965,-3.207091,-3.0736556
"hsa-miR-3126-3p",-3.3219311,-3.207091,-3.0736556
"hsa-miR-3126-5p",-3.3219311,-3.207091,-3.0736556
"hsa-miR-3127-3p",-3.3219311,-3.207091,-3.0736556
"hsa-miR-3127-5p",3.2084842,2.6884341,-3.0736556
"hsa-miR-3128",-3.3219311,-3.207091,-3.0736556
"hsa-miR-3129-3p",-3.3219311,-3.207091,-3.0736556
"hsa-miR-3129-5p",-3.3219311,-3.207091,-3.0736556
"hsa-miR-3130-3p",-3.3219311,-3.207091,-3.0736556
"hsa-miR-3130-5p",-3.3219311,-3.207091,-3.0736556
"hsa-miR-3131",3.669083,3.7367656,3.3974795
"hsa-miR-3132",-1.710078,-3.207091,-3.0736556
"hsa-miR-3133",-3.3219311,-3.207091,-3.0736556
"hsa-miR-3134",-3.3219311,-3.207091,-3.0736556
"hsa-miR-3135a",-3.3219311,-3.207091,-3.0736556
"hsa-miR-3135b",6.9973807,6.7243032,6.773577
"hsa-miR-3136-3p",-3.3219311,-3.207091,-3.0736556
"hsa-miR-3136-5p",-3.3219311,-3.207091,-3.0736556
"hsa-miR-3137",3.10119,2.772409,3.075962
"hsa-miR-3138",5.3185043,6.038949,5.728519
"hsa-miR-3139",-3.3219311,-3.207091,-3.0736556
"hsa-miR-3140-3p",-3.3219311,-3.207091,-3.0736556
"hsa-miR-3140-5p",-3.3219311,-3.207091,-3.0736556
"hsa-miR-3141",6.7578707,6.9973807,6.9743237
"hsa-miR-3142",-3.3219311,-3.207091,-3.0736556
"hsa-miR-3143",-3.3219311,-3.207091,-3.0736556
"hsa-miR-3144-3p",-3.3219311,-3.207091,-3.0736556
"hsa-miR-3144-5p",-3.3219311,-3.207091,-3.0736556
"hsa-miR-3145-3p",-3.3219311,-3.207091,-3.0736556
"hsa-miR-3145-5p",-3.3219311,-3.207091,-3.0736556
"hsa-miR-3146",-3.3219311,-3.207091,-3.0736556
"hsa-miR-3147",-1.7781451,-3.207091,-3.0736556
"hsa-miR-3148",-1.4072427,-3.207091,-3.0736556
"hsa-miR-3149",1.795457,2.3598106,3.071664
"hsa-miR-3150a-3p",-3.3219311,-3.207091,-3.0736556
"hsa-miR-3150a-5p",-3.3219311,-3.207091,-3.0736556
"hsa-miR-3150b-3p",-3.3219311,-3.207091,-3.0736556
"hsa-miR-3150b-5p",-3.3219311,-3.207091,-3.0736556
"hsa-miR-3151",-3.3219311,-3.207091,-3.0736556
"hsa-miR-3152-3p",-3.3219311,-3.207091,-3.0736556
"hsa-miR-3152-5p",-3.3219311,-3.207091,-3.0736556
"hsa-miR-3153",-3.3219311,-3.207091,-3.0736556
"hsa-miR-3154",-1.4773155,-3.207091,-3.0736556
"hsa-miR-3155a",-3.3219311,-3.207091,-3.0736556
"hsa-miR-3155b",-3.3219311,-3.207091,-3.0736556
"hsa-miR-3156-3p",-3.3219311,-3.207091,-3.0736556
"hsa-miR-3156-5p",5.348327,4.9698143,4.827251
"hsa-miR-3157-3p",-3.3219311,-3.207091,-3.0736556
"hsa-miR-3157-5p",-3.3219311,-3.207091,-3.0736556
"hsa-miR-3158-3p",-3.3219311,-3.207091,-3.0736556
"hsa-miR-3158-5p",2.6807978,3.669083,3.2180467
"hsa-miR-3159",-3.3219311,-3.207091,-3.0736556
"hsa-miR-3160-3p",-3.3219311,-3.207091,-3.0736556
"hsa-miR-3160-5p",-3.3219311,-3.207091,-3.0736556
"hsa-miR-3161",-1.4236383,-3.207091,-3.0736556
"hsa-miR-3162-3p",0.5217661,2.8424945,3.2333822
"hsa-miR-3162-5p",8.480758,7.9950275,7.954825
"hsa-miR-3163",-3.3219311,-3.207091,-3.0736556
"hsa-miR-3164",-3.3219311,-3.207091,-3.0736556
"hsa-miR-3165",-3.3219311,-3.207091,-3.0736556
"hsa-miR-3166",-3.3219311,-3.207091,-3.0736556
"hsa-miR-3167",-3.3219311,-3.207091,-3.0736556
"hsa-miR-3168",-3.3219311,-3.207091,-3.0736556
"hsa-miR-3169",-3.3219311,-3.207091,-3.0736556
"hsa-miR-3170",-3.3219311,-3.207091,-3.0736556
"hsa-miR-3171",-3.3219311,-3.207091,-3.0736556
"hsa-miR-3173-3p",-1.4491838,-3.207091,-3.0736556
"hsa-miR-3173-5p",-3.3219311,-3.207091,-3.0736556
"hsa-miR-3174",-3.3219311,-3.207091,-3.0736556
"hsa-miR-3175",-3.3219311,-3.207091,-3.0736556
"hsa-miR-3176",-3.3219311,-3.207091,-3.0736556
"hsa-miR-3177-3p",-1.7108854,-3.207091,-3.0736556
"hsa-miR-3177-5p",-3.3219311,-3.207091,-3.0736556
"hsa-miR-3178",-3.3219311,-3.207091,-3.0736556
"hsa-miR-3179",-3.3219311,-3.207091,-3.0736556
"hsa-miR-3180",-3.3219311,-3.207091,-3.0736556
"hsa-miR-3180-3p",0.31897327,2.067525,-3.0736556
"hsa-miR-3180-5p",-3.3219311,-3.207091,-3.0736556
"hsa-miR-3181",2.0236163,0.29592374,-3.0736556
"hsa-miR-3182",-3.3219311,-3.207091,-3.0736556
"hsa-miR-3183",-3.3219311,-3.207091,-3.0736556
"hsa-miR-3184-3p",-3.3219311,-3.207091,-3.0736556
"hsa-miR-3184-5p",-3.3219311,-3.207091,-3.0736556
"hsa-miR-3185",0.18280928,0.5909703,-3.0736556
"hsa-miR-3186-3p",-3.3219311,-3.207091,-3.0736556
"hsa-miR-3186-5p",-3.3219311,-3.207091,-3.0736556
"hsa-miR-3187-3p",2.3408113,2.2194638,-3.0736556
"hsa-miR-3187-5p",-3.3219311,-3.207091,-3.0736556
"hsa-miR-3188",6.5158176,6.364811,5.994433
"hsa-miR-3189-3p",-3.3219311,-3.207091,-3.0736556
"hsa-miR-3189-5p",-3.3219311,-3.207091,-3.0736556
"hsa-miR-3190-3p",-3.3219311,-3.207091,-3.0736556
"hsa-miR-3190-5p",-3.3219311,-3.207091,-3.0736556
"hsa-miR-3191-3p",-3.3219311,-3.207091,-3.0736556
"hsa-miR-3191-5p",-3.3219311,-3.207091,-3.0736556
"hsa-miR-3192",-3.3219311,-3.207091,-3.0736556
"hsa-miR-3193",-3.3219311,-3.207091,-3.0736556
"hsa-miR-3194-3p",-3.3219311,-3.207091,-3.0736556
"hsa-miR-3194-5p",4.9733887,5.2732263,4.901353
"hsa-miR-3195",7.353423,7.242155,7.242155
"hsa-miR-3196",8.054936,7.852569,7.137283
"hsa-miR-3197",-3.3219311,-3.207091,-3.0736556
"hsa-miR-3198",4.2170353,4.003834,3.8707795
"hsa-miR-3199",-3.3219311,-3.207091,-3.0736556
"hsa-miR-32-3p",0.5909703,2.2620194,3.018249
"hsa-miR-32-5p",-3.3219311,-3.207091,-3.0736556
"hsa-miR-3200-3p",-3.3219311,-3.207091,-3.0736556
"hsa-miR-3200-5p",-3.3219311,-3.207091,-3.0736556
"hsa-miR-3201",-3.3219311,-3.207091,-3.0736556
"hsa-miR-3202",3.1443734,3.7932544,4.2978334
"hsa-miR-320a",5.1965594,5.366666,5.2732263
"hsa-miR-320b",5.1085143,4.827251,5.098532
"hsa-miR-320c",10.17838,9.713499,9.1811
"hsa-miR-320d",5.3992553,5.192368,5.3992553
"hsa-miR-320e",5.192368,5.028312,5.192368
"hsa-miR-323a-3p",-3.3219311,-3.207091,-3.0736556
"hsa-miR-323a-5p",-3.3219311,-3.207091,-3.0736556
"hsa-miR-323b-3p",-3.3219311,-3.207091,-3.0736556
"hsa-miR-323b-5p",-3.3219311,-3.207091,-3.0736556
"hsa-miR-324-3p",2.7798429,3.0453677,3.4769588
"hsa-miR-324-5p",-3.3219311,-3.207091,-3.0736556
"hsa-miR-325",-3.3219311,-3.207091,-3.0736556
"hsa-miR-326",-3.3219311,-3.207091,-3.0736556
"hsa-miR-328",-1.5414594,0.21429884,-3.0736556
"hsa-miR-329",-3.3219311,-3.207091,-3.0736556
"hsa-miR-330-3p",-3.3219311,-3.207091,-3.0736556
"hsa-miR-330-5p",-3.3219311,-3.207091,-3.0736556
"hsa-miR-331-3p",-1.810894,-3.207091,-3.0736556
"hsa-miR-331-5p",-3.3219311,-3.207091,-3.0736556
"hsa-miR-335-3p",-3.3219311,-3.207091,-3.0736556
"hsa-miR-335-5p",-1.612944,-3.207091,-3.0736556
"hsa-miR-337-3p",-3.3219311,-3.207091,-3.0736556
"hsa-miR-337-5p",-3.3219311,-3.207091,-3.0736556
"hsa-miR-338-3p",2.400923,2.180141,3.0328329
"hsa-miR-338-5p",-3.3219311,-3.207091,-3.0736556
"hsa-miR-339-3p",-1.7588507,-3.207091,-3.0736556
"hsa-miR-339-5p",-3.3219311,-3.207091,-3.0736556
"hsa-miR-33a-3p",-3.3219311,-3.207091,-3.0736556
"hsa-miR-33a-5p",-3.3219311,-3.207091,-3.0736556
"hsa-miR-33b-3p",-3.3219311,-0.123430096,-3.0736556
"hsa-miR-33b-5p",-3.3219311,-3.207091,-3.0736556
"hsa-miR-340-3p",-3.3219311,-3.207091,-3.0736556
"hsa-miR-340-5p",-1.4204193,-3.207091,-3.0736556
"hsa-miR-342-3p",3.3020809,3.071664,2.5726235
"hsa-miR-342-5p",-3.3219311,-3.207091,-3.0736556
"hsa-miR-345-3p",6.589857,6.3448477,5.479895
"hsa-miR-345-5p",-1.8080795,0.021764934,-3.0736556
"hsa-miR-346",-3.3219311,-3.207091,-3.0736556
"hsa-miR-34a-3p",-3.3219311,-3.207091,-3.0736556
"hsa-miR-34a-5p",-3.3219311,-3.207091,-3.0736556
"hsa-miR-34b-3p",-3.3219311,-3.207091,-3.0736556
"hsa-miR-34b-5p",-3.3219311,-3.207091,-3.0736556
"hsa-miR-34c-3p",-3.3219311,-3.207091,-3.0736556
"hsa-miR-34c-5p",-3.3219311,-3.207091,-3.0736556
"hsa-miR-3529-3p",-3.3219311,-3.207091,-3.0736556
"hsa-miR-3529-5p",-3.3219311,-3.207091,-3.0736556
"hsa-miR-3591-3p",-3.3219311,-3.207091,-3.0736556
"hsa-miR-3591-5p",-3.3219311,-3.207091,-3.0736556
"hsa-miR-3605-3p",-3.3219311,-3.207091,-3.0736556
"hsa-miR-3605-5p",0.04401223,-3.207091,-3.0736556
"hsa-miR-3606-3p",-3.3219311,-3.207091,-3.0736556
"hsa-miR-3606-5p",-3.3219311,-3.207091,-3.0736556
"hsa-miR-3607-3p",-3.3219311,-3.207091,-3.0736556
"hsa-miR-3607-5p",-3.3219311,-3.207091,-3.0736556
"hsa-miR-3609",-3.3219311,-3.207091,-3.0736556
"hsa-miR-361-3p",-3.3219311,-3.207091,-3.0736556
"hsa-miR-361-5p",3.018249,3.6052566,4.1776934
"hsa-miR-3610",4.6976914,5.728519,5.2268353
"hsa-miR-3611",-3.3219311,-3.207091,-3.0736556
"hsa-miR-3612",-3.3219311,-3.207091,-3.0736556
"hsa-miR-3613-3p",-3.3219311,-3.207091,-3.0736556
"hsa-miR-3613-5p",-3.3219311,-3.207091,-3.0736556
"hsa-miR-3614-3p",-3.3219311,-3.207091,-3.0736556
"hsa-miR-3614-5p",-1.8261014,-3.207091,-3.0736556
"hsa-miR-3615",-3.3219311,-3.207091,-3.0736556
"hsa-miR-3616-3p",-3.3219311,-3.207091,-3.0736556
"hsa-miR-3616-5p",-3.3219311,-3.207091,-3.0736556
"hsa-miR-3617-3p",-3.3219311,-3.207091,-3.0736556
"hsa-miR-3617-5p",2.567832,2.2279446,-3.0736556
"hsa-miR-3618",-3.3219311,-3.207091,-3.0736556
"hsa-miR-3619-3p",-3.3219311,-3.207091,-3.0736556
"hsa-miR-3619-5p",-3.3219311,-3.207091,-3.0736556
"hsa-miR-362-3p",-3.3219311,-3.207091,-3.0736556
"hsa-miR-362-5p",-3.3219311,-3.207091,-3.0736556
"hsa-miR-3620-3p",4.3427305,4.8578277,4.6976914
"hsa-miR-3620-5p",3.1084423,3.2180467,2.8212373
"hsa-miR-3621",0.5978092,0.17212303,-3.0736556
"hsa-miR-3622a-3p",-3.3219311,-3.207091,-3.0736556
"hsa-miR-3622a-5p",-3.3219311,-3.207091,-3.0736556
"hsa-miR-3622b-3p",-3.3219311,-3.207091,-3.0736556
"hsa-miR-3622b-5p",-3.3219311,-3.207091,-3.0736556
"hsa-miR-363-3p",2.8724816,2.9837327,2.3536875
"hsa-miR-363-5p",-3.3219311,-3.207091,-3.0736556
"hsa-miR-3646",0.030730745,-3.207091,-3.0736556
"hsa-miR-3648",5.456847,6.5158176,5.828859
"hsa-miR-3649",-3.3219311,-3.207091,-3.0736556
"hsa-miR-3650",-3.3219311,-3.207091,-3.0736556
"hsa-miR-3651",-3.3219311,-3.207091,-3.0736556
"hsa-miR-3652",5.2440705,4.361325,4.617779
"hsa-miR-3653",-3.3219311,-3.207091,-3.0736556
"hsa-miR-3654",-3.3219311,-3.207091,-3.0736556
"hsa-miR-3655",-3.3219311,-3.207091,-3.0736556
"hsa-miR-3656",10.445773,10.17838,10.242373
"hsa-miR-3657",-3.3219311,-3.207091,-3.0736556
"hsa-miR-3658",-3.3219311,-3.207091,-3.0736556
"hsa-miR-3659",-3.3219311,-3.207091,-3.0736556
"hsa-miR-365a-3p",-3.3219311,-3.207091,-3.0736556
"hsa-miR-365a-5p",2.4407382,2.0188854,-3.0736556
"hsa-miR-365b-5p",-3.3219311,-3.207091,-3.0736556
"hsa-miR-3660",-3.3219311,-3.207091,-3.0736556
"hsa-miR-3661",-3.3219311,-3.207091,-3.0736556
"hsa-miR-3662",-3.3219311,-3.207091,-3.0736556
"hsa-miR-3663-3p",8.519404,9.264393,8.657183
"hsa-miR-3663-5p",-1.3325299,-3.207091,2.730394
"hsa-miR-3664-3p",-3.3219311,-3.207091,-3.0736556
"hsa-miR-3664-5p",-3.3219311,-3.207091,-3.0736556
"hsa-miR-3665",10.242373,10.542308,10.662257
"hsa-miR-3666",-3.3219311,-3.207091,-3.0736556
"hsa-miR-3667-3p",-3.3219311,-3.207091,-3.0736556
"hsa-miR-3667-5p",5.543581,5.1692452,5.2803807
"hsa-miR-3668",-3.3219311,-3.207091,-3.0736556
"hsa-miR-3669",-3.3219311,-3.207091,-3.0736556
"hsa-miR-367-3p",-3.3219311,-3.207091,-3.0736556
"hsa-miR-367-5p",-3.3219311,-3.207091,-3.0736556
"hsa-miR-3670",-3.3219311,-3.207091,-3.0736556
"hsa-miR-3671",-3.3219311,-3.207091,-3.0736556
"hsa-miR-3672",-3.3219311,-3.207091,-3.0736556
"hsa-miR-3673",-3.3219311,-3.207091,-3.0736556
"hsa-miR-3674",-3.3219311,-3.207091,-3.0736556
"hsa-miR-3675-3p",-3.3219311,-3.207091,-3.0736556
"hsa-miR-3675-5p",-3.3219311,-3.207091,-3.0736556
"hsa-miR-3676-3p",-1.3600692,0.18867464,-3.0736556
"hsa-miR-3676-5p",6.9743237,6.5301533,7.2277746
"hsa-miR-3677-3p",-3.3219311,-3.207091,-3.0736556
"hsa-miR-3677-5p",-3.3219311,-3.207091,-3.0736556
"hsa-miR-3678-3p",-3.3219311,-3.207091,-3.0736556
"hsa-miR-3678-5p",-3.3219311,-3.207091,-3.0736556
"hsa-miR-3679-3p",-3.3219311,-3.207091,-3.0736556
"hsa-miR-3679-5p",7.5831914,8.074169,9.012553
"hsa-miR-3680-3p",-1.8176607,-3.207091,-3.0736556
"hsa-miR-3680-5p",-3.3219311,-3.207091,-3.0736556
"hsa-miR-3681-3p",-3.3219311,-3.207091,-3.0736556
"hsa-miR-3681-5p",-3.3219311,-3.207091,-3.0736556
"hsa-miR-3682-3p",0.55829316,-3.207091,-3.0736556
"hsa-miR-3682-5p",-3.3219311,-3.207091,-3.0736556
"hsa-miR-3683",-3.3219311,-3.207091,-3.0736556
"hsa-miR-3684",-3.3219311,-3.207091,-3.0736556
"hsa-miR-3685",-3.3219311,-3.207091,-3.0736556
"hsa-miR-3686",-3.3219311,-3.207091,-3.0736556
"hsa-miR-3687",-3.3219311,-3.207091,-3.0736556
"hsa-miR-3688-3p",-3.3219311,-3.207091,-3.0736556
"hsa-miR-3688-5p",-3.3219311,-3.207091,-3.0736556
"hsa-miR-3689a-3p",-3.3219311,-3.207091,-3.0736556
"hsa-miR-3689a-5p",-3.3219311,-3.207091,-3.0736556
"hsa-miR-3689b-3p",-3.3219311,-3.207091,-3.0736556
"hsa-miR-3689d",-3.3219311,-3.207091,-3.0736556
"hsa-miR-3689f",-3.3219311,-3.207091,-3.0736556
"hsa-miR-369-3p",-3.3219311,-3.207091,-3.0736556
"hsa-miR-369-5p",-3.3219311,-3.207091,-3.0736556
"hsa-miR-3690",-3.3219311,-3.207091,-3.0736556
"hsa-miR-3691-3p",-3.3219311,-3.207091,-3.0736556
"hsa-miR-3691-5p",-3.3219311,-3.207091,-3.0736556
"hsa-miR-3692-3p",-3.3219311,-3.207091,-3.0736556
"hsa-miR-3692-5p",1.7577919,3.4913318,3.810272
"hsa-miR-370",-3.3219311,-3.207091,-3.0736556
"hsa-miR-3713",0.14069994,-3.207091,-3.0736556
"hsa-miR-3714",-3.3219311,-3.207091,-3.0736556
"hsa-miR-371a-3p",-3.3219311,-3.207091,-3.0736556
"hsa-miR-371a-5p",4.617779,4.2170353,3.7367656
"hsa-miR-371b-3p",-3.3219311,-3.207091,-3.0736556
"hsa-miR-371b-5p",6.900331,6.4013696,7.4392815
"hsa-miR-372",-3.3219311,-3.207091,-3.0736556
"hsa-miR-373-3p",-3.3219311,-3.207091,-3.0736556
"hsa-miR-373-5p",0.43694413,0.46924582,-3.0736556
"hsa-miR-374a-3p",-3.3219311,-3.207091,-3.0736556
"hsa-miR-374a-5p",-3.3219311,-3.207091,-3.0736556
"hsa-miR-374b-3p",-3.3219311,-3.207091,-3.0736556
"hsa-miR-374b-5p",-3.3219311,-3.207091,-3.0736556
"hsa-miR-374c-3p",-3.3219311,-3.207091,-3.0736556
"hsa-miR-374c-5p",-3.3219311,-3.207091,-3.0736556
"hsa-miR-375",-3.3219311,-3.207091,-3.0736556
"hsa-miR-376a-2-5p",-3.3219311,-3.207091,-3.0736556
"hsa-miR-376a-3p",-1.813397,-3.207091,-3.0736556
"hsa-miR-376a-5p",-3.3219311,-3.207091,-3.0736556
"hsa-miR-376b-3p",-3.3219311,-3.207091,-3.0736556
"hsa-miR-376b-5p",-3.3219311,-3.207091,-3.0736556
"hsa-miR-376c-3p",-1.7828932,-3.207091,-3.0736556
"hsa-miR-376c-5p",-3.3219311,-3.207091,-3.0736556
"hsa-miR-377-3p",-3.3219311,-3.207091,-3.0736556
"hsa-miR-377-5p",-3.3219311,-3.207091,-3.0736556
"hsa-miR-378a-3p",3.3807425,3.3712838,3.6976626
"hsa-miR-378a-5p",-3.3219311,-3.207091,-3.0736556
"hsa-miR-378b",-1.7799102,-3.207091,-3.0736556
"hsa-miR-378c",-3.3219311,-3.207091,-3.0736556
"hsa-miR-378d",-3.3219311,2.1932633,-3.0736556
"hsa-miR-378e",-3.3219311,-3.207091,-3.0736556
"hsa-miR-378f",0.20036721,-3.207091,-3.0736556
"hsa-miR-378g",-1.4606267,-3.207091,-3.0736556
"hsa-miR-378h",-3.3219311,-3.207091,-3.0736556
"hsa-miR-378i",2.180141,1.8046027,2.4060018
"hsa-miR-378j",-3.3219311,-3.207091,-3.0736556
"hsa-miR-379-3p",-3.3219311,-3.207091,-3.0736556
"hsa-miR-379-5p",-3.3219311,-3.207091,-3.0736556
"hsa-miR-380-3p",-3.3219311,-3.207091,-3.0736556
"hsa-miR-380-5p",-3.3219311,-3.207091,-3.0736556
"hsa-miR-381-3p",-3.3219311,-3.207091,-3.0736556
"hsa-miR-381-5p",-3.3219311,-3.207091,-3.0736556
"hsa-miR-382-3p",-3.3219311,-3.207091,-3.0736556
"hsa-miR-382-5p",-3.3219311,-3.207091,-3.0736556
"hsa-miR-383",-3.3219311,-3.207091,-3.0736556
"hsa-miR-384",-3.3219311,-3.207091,-3.0736556
"hsa-miR-3907",-3.3219311,-3.207091,-3.0736556
"hsa-miR-3908",-3.3219311,-3.207091,-3.0736556
"hsa-miR-3909",-3.3219311,-3.207091,-3.0736556
"hsa-miR-3910",-3.3219311,-3.207091,-3.0736556
"hsa-miR-3911",5.6106224,6.05573,5.3318915
"hsa-miR-3912",-3.3219311,-3.207091,-3.0736556
"hsa-miR-3913-3p",-3.3219311,-3.207091,-3.0736556
"hsa-miR-3913-5p",-3.3219311,-3.207091,-3.0736556
"hsa-miR-3914",-3.3219311,-3.207091,-3.0736556
"hsa-miR-3915",-3.3219311,-3.207091,-3.0736556
"hsa-miR-3916",-3.3219311,-3.207091,-3.0736556
"hsa-miR-3917",4.003834,3.6895773,3.122595
"hsa-miR-3918",-3.3219311,-3.207091,-3.0736556
"hsa-miR-3919",-3.3219311,-3.207091,-3.0736556
"hsa-miR-3920",-3.3219311,-3.207091,-3.0736556
"hsa-miR-3921",-3.3219311,-3.207091,-3.0736556
"hsa-miR-3922-3p",-3.3219311,-3.207091,-3.0736556
"hsa-miR-3922-5p",-3.3219311,-3.207091,-3.0736556
"hsa-miR-3923",2.285926,0.536191,-3.0736556
"hsa-miR-3924",-3.3219311,-3.207091,-3.0736556
"hsa-miR-3925-3p",-3.3219311,-3.207091,-3.0736556
"hsa-miR-3925-5p",-3.3219311,-3.207091,-3.0736556
"hsa-miR-3926",-1.3478756,-3.207091,-3.0736556
"hsa-miR-3927-3p",-3.3219311,-3.207091,-3.0736556
"hsa-miR-3927-5p",-3.3219311,-3.207091,-3.0736556
"hsa-miR-3928",-3.3219311,-3.207091,-3.0736556
"hsa-miR-3929",-3.3219311,-3.207091,-3.0736556
"hsa-miR-3934-3p",-3.3219311,-3.207091,-3.0736556
"hsa-miR-3934-5p",0.54774934,-3.207091,-3.0736556
"hsa-miR-3935",-3.3219311,-3.207091,-3.0736556
"hsa-miR-3936",-3.3219311,-3.207091,-3.0736556
"hsa-miR-3937",5.3147936,5.1260324,4.589204
"hsa-miR-3938",-3.3219311,-3.207091,-3.0736556
"hsa-miR-3939",-3.3219311,-3.207091,-3.0736556
"hsa-miR-3940-3p",-3.3219311,-3.207091,-3.0736556
"hsa-miR-3940-5p",7.7619143,7.6785703,7.525301
"hsa-miR-3941",-3.3219311,-3.207091,-3.0736556
"hsa-miR-3942-3p",-3.3219311,-3.207091,-3.0736556
"hsa-miR-3942-5p",-3.3219311,-3.207091,-3.0736556
"hsa-miR-3943",-3.3219311,-3.207091,-3.0736556
"hsa-miR-3944-3p",-3.3219311,-3.207091,-3.0736556
"hsa-miR-3944-5p",-3.3219311,-3.207091,-3.0736556
"hsa-miR-3945",3.9770072,3.7114282,3.2738156
"hsa-miR-3960",14.070819,14.070819,13.172262
"hsa-miR-3972",-3.3219311,-3.207091,-3.0736556
"hsa-miR-3973",-3.3219311,-3.207091,-3.0736556
"hsa-miR-3974",-3.3219311,-3.207091,-3.0736556
"hsa-miR-3975",-3.3219311,-3.207091,-3.0736556
"hsa-miR-3976",-3.3219311,-3.207091,-3.0736556
"hsa-miR-3977",-3.3219311,-3.207091,-3.0736556
"hsa-miR-3978",-3.3219311,-3.207091,-3.0736556
"hsa-miR-409-3p",-3.3219311,-3.207091,-3.0736556
"hsa-miR-409-5p",-3.3219311,-3.207091,-3.0736556
"hsa-miR-410",-3.3219311,-3.207091,-3.0736556
"hsa-miR-411-3p",-3.3219311,-3.207091,-3.0736556
"hsa-miR-411-5p",-3.3219311,-3.207091,-3.0736556
"hsa-miR-412",-3.3219311,-3.207091,-3.0736556
"hsa-miR-421",-3.3219311,-3.207091,-3.0736556
"hsa-miR-422a",-1.362352,-3.207091,-3.0736556
"hsa-miR-423-3p",-3.3219311,-3.207091,-3.0736556
"hsa-miR-423-5p",4.8107786,5.3992553,5.9302816
"hsa-miR-424-3p",-3.3219311,-3.207091,-3.0736556
"hsa-miR-424-5p",2.1197338,0.31321964,-3.0736556
"hsa-miR-425-3p",-1.4570118,-3.207091,-3.0736556
"hsa-miR-425-5p",3.9322927,3.6386797,3.9449072
"hsa-miR-4251",-3.3219311,-3.207091,-3.0736556
"hsa-miR-4252",-3.3219311,-3.207091,-3.0736556
"hsa-miR-4253",3.3649776,3.776323,3.7114282
"hsa-miR-4254",-3.3219311,-3.207091,-3.0736556
"hsa-miR-4255",-3.3219311,-3.207091,-3.0736556
"hsa-miR-4256",-3.3219311,-3.207091,-3.0736556
"hsa-miR-4257",3.776323,3.9052165,3.9322927
"hsa-miR-4258",-3.3219311,-3.207091,-3.0736556
"hsa-miR-4259",0.36323872,0.35542968,-3.0736556
"hsa-miR-4260",-3.3219311,-3.207091,-3.0736556
"hsa-miR-4261",-3.3219311,-3.207091,-3.0736556
"hsa-miR-4262",-3.3219311,-3.207091,-3.0736556
"hsa-miR-4263",-3.3219311,-3.207091,-3.0736556
"hsa-miR-4264",-3.3219311,-3.207091,-3.0736556
"hsa-miR-4265",-1.6613165,-3.207091,-3.0736556
"hsa-miR-4266",-3.3219311,-3.207091,-3.0736556
"hsa-miR-4267",-3.3219311,-3.207091,-3.0736556
"hsa-miR-4268",-3.3219311,-3.207091,-3.0736556
"hsa-miR-4269",-3.3219311,-3.207091,-3.0736556
"hsa-miR-4270",9.951961,10.10085,9.264393
"hsa-miR-4271",6.038949,5.994433,6.1285615
"hsa-miR-4272",-3.3219311,-3.207091,-3.0736556
"hsa-miR-4273",-3.3219311,-3.207091,-3.0736556
"hsa-miR-4274",-3.3219311,-3.207091,-3.0736556
"hsa-miR-4275",-3.3219311,-3.207091,-3.0736556
"hsa-miR-4276",-3.3219311,-3.207091,-3.0736556
"hsa-miR-4277",-3.3219311,-3.207091,-3.0736556
"hsa-miR-4278",-3.3219311,-3.207091,-3.0736556
"hsa-miR-4279",-3.3219311,-3.207091,-3.0736556
"hsa-miR-4280",-3.3219311,-3.207091,-3.0736556
"hsa-miR-4281",12.826967,12.72857,12.431195
"hsa-miR-4282",-3.3219311,-3.207091,-3.0736556
"hsa-miR-4283",-3.3219311,-3.207091,-3.0736556
"hsa-miR-4284",-3.3219311,-3.207091,-3.0736556
"hsa-miR-4285",-3.3219311,-3.207091,-3.0736556
"hsa-miR-4286",-1.5636172,0.55829316,2.1932633
"hsa-miR-4287",-3.3219311,-3.207091,-3.0736556
"hsa-miR-4288",-3.3219311,-3.207091,-3.0736556
"hsa-miR-4289",-3.3219311,-3.207091,-3.0736556
"hsa-miR-429",-3.3219311,-3.207091,-3.0736556
"hsa-miR-4290",-3.3219311,-3.207091,-3.0736556
"hsa-miR-4291",-1.5667337,-3.207091,-3.0736556
"hsa-miR-4292",-3.3219311,-3.207091,-3.0736556
"hsa-miR-4293",-3.3219311,-3.207091,-3.0736556
"hsa-miR-4294",2.2279446,-3.207091,-3.0736556
"hsa-miR-4295",-3.3219311,-3.207091,-3.0736556
"hsa-miR-4296",-3.3219311,-3.207091,-3.0736556
"hsa-miR-4297",-3.3219311,-3.207091,-3.0736556
"hsa-miR-4298",6.3448477,6.773577,6.938893
"hsa-miR-4299",4.198999,4.6292014,5.3357415
"hsa-miR-4300",-3.3219311,-3.207091,-3.0736556
"hsa-miR-4301",-3.3219311,-3.207091,-3.0736556
"hsa-miR-4302",-3.3219311,-3.207091,-3.0736556
"hsa-miR-4303",-3.3219311,-3.207091,-3.0736556
"hsa-miR-4304",-1.7882887,-3.207091,-3.0736556
"hsa-miR-4305",-3.3219311,-3.207091,-3.0736556
"hsa-miR-4306",6.1285615,6.1605754,6.2567625
"hsa-miR-4307",-3.3219311,-3.207091,-3.0736556
"hsa-miR-4308",-3.3219311,-3.207091,-3.0736556
"hsa-miR-4309",-3.3219311,-3.207091,-3.0736556
"hsa-miR-431-3p",-3.3219311,-3.207091,-3.0736556
"hsa-miR-431-5p",-3.3219311,-3.207091,-3.0736556
"hsa-miR-4310",-3.3219311,-3.207091,-3.0736556
"hsa-miR-4311",-3.3219311,-3.207091,-3.0736556
"hsa-miR-4312",-3.3219311,-3.207091,-3.0736556
"hsa-miR-4313",-3.3219311,-3.207091,-3.0736556
"hsa-miR-4314",3.4446106,3.3235905,3.4689379
"hsa-miR-4315",-3.3219311,-3.207091,-3.0736556
"hsa-miR-4316",-3.3219311,-3.207091,-3.0736556
"hsa-miR-4317",-3.3219311,-3.207091,-3.0736556
"hsa-miR-4318",-3.3219311,-3.207091,-3.0736556
"hsa-miR-4319",-3.3219311,-3.207091,-3.0736556
"hsa-miR-432-3p",-3.3219311,-3.207091,-3.0736556
"hsa-miR-432-5p",-3.3219311,-3.207091,-3.0736556
"hsa-miR-4320",-3.3219311,-3.207091,-3.0736556
"hsa-miR-4321",-3.3219311,-3.207091,-3.0736556
"hsa-miR-4322",4.361325,4.2306266,3.3235905
"hsa-miR-4323",-1.6568404,-3.207091,-3.0736556
"hsa-miR-4324",-3.3219311,-3.207091,-3.0736556
"hsa-miR-4325",-3.3219311,-3.207091,-3.0736556
"hsa-miR-4326",-3.3219311,-3.207091,-3.0736556
"hsa-miR-4327",7.824608,8.257961,8.257961
"hsa-miR-4328",-3.3219311,-3.207091,-3.0736556
"hsa-miR-4329",-3.3219311,-3.207091,-3.0736556
"hsa-miR-433",-3.3219311,-3.207091,-3.0736556
"hsa-miR-4330",-3.3219311,-3.207091,-3.0736556
"hsa-miR-4417",4.4269867,4.1164203,3.5380957
"hsa-miR-4418",-3.3219311,-3.207091,-3.0736556
"hsa-miR-4419a",3.7932544,4.323819,4.323819
"hsa-miR-4419b",-1.8378526,-3.207091,-3.0736556
"hsa-miR-4420",-3.3219311,-3.207091,-3.0736556
"hsa-miR-4421",-3.3219311,-3.207091,-3.0736556
"hsa-miR-4422",-3.3219311,-3.207091,-3.0736556
"hsa-miR-4423-3p",-3.3219311,-3.207091,-3.0736556
"hsa-miR-4423-5p",-3.3219311,-3.207091,-3.0736556
"hsa-miR-4424",-3.3219311,-3.207091,-3.0736556
"hsa-miR-4425",-3.3219311,-3.207091,-3.0736556
"hsa-miR-4426",-3.3219311,-3.207091,-3.0736556
"hsa-miR-4427",-3.3219311,-3.207091,-3.0736556
"hsa-miR-4428",3.9650717,3.3416066,2.7643566
"hsa-miR-4429",4.901353,4.8675337,4.2170353
"hsa-miR-4430",6.0699806,5.4117465,4.9945397
"hsa-miR-4431",-3.3219311,-3.207091,-3.0736556
"hsa-miR-4432",-3.3219311,-3.207091,-3.0736556
"hsa-miR-4433-3p",7.954825,7.353423,6.9973807
"hsa-miR-4433-5p",2.3536875,3.2084842,3.10119
"hsa-miR-4434",-3.3219311,-3.207091,-3.0736556
"hsa-miR-4435",-3.3219311,-3.207091,-3.0736556
"hsa-miR-4436a",-3.3219311,-3.207091,-3.0736556
"hsa-miR-4436b-3p",-3.3219311,-3.207091,-3.0736556
"hsa-miR-4436b-5p",2.1600177,2.5251057,2.090471
"hsa-miR-4437",-3.3219311,-3.207091,-3.0736556
"hsa-miR-4438",-3.3219311,-3.207091,-3.0736556
"hsa-miR-4439",-3.3219311,-3.207091,-3.0736556
"hsa-miR-4440",-3.3219311,-3.207091,-3.0736556
"hsa-miR-4441",-1.789837,-3.207091,-3.0736556
"hsa-miR-4442",7.096422,7.492075,7.3469462
"hsa-miR-4443",9.330599,8.703368,9.070681
"hsa-miR-4444",-1.7817423,-3.207091,-3.0736556
"hsa-miR-4445-3p",-3.3219311,-3.207091,-3.0736556
"hsa-miR-4445-5p",-3.3219311,-3.207091,-3.0736556
"hsa-miR-4446-3p",-3.3219311,-3.207091,-3.0736556
"hsa-miR-4446-5p",-3.3219311,-3.207091,-3.0736556
"hsa-miR-4447",3.4206,0.5217661,-3.0736556
"hsa-miR-4448",-3.3219311,-3.207091,-3.0736556
"hsa-miR-4449",-3.3219311,-3.207091,-3.0736556
"hsa-miR-4450",-3.3219311,-3.207091,-3.0736556
"hsa-miR-4451",-0.1578794,-3.207091,-3.0736556
"hsa-miR-4452",-3.3219311,-3.207091,-3.0736556
"hsa-miR-4453",-3.3219311,-3.207091,-3.0736556
"hsa-miR-4454",7.9267807,8.407697,9.030489
"hsa-miR-4455",4.872682,4.7440624,5.1692452
"hsa-miR-4456",-3.3219311,-3.207091,-3.0736556
"hsa-miR-4457",-3.3219311,-3.207091,-3.0736556
"hsa-miR-4458",-3.3219311,-3.207091,-3.0736556
"hsa-miR-4459",11.640212,11.897646,12.073096
"hsa-miR-4460",-3.3219311,-3.207091,-3.0736556
"hsa-miR-4461",-3.3219311,-3.207091,-3.0736556
"hsa-miR-4462",-1.4828761,-3.207091,-3.0736556
"hsa-miR-4463",7.137283,7.1571393,6.5301533
"hsa-miR-4464",-3.3219311,-3.207091,-3.0736556
"hsa-miR-4465",3.5627422,3.1663105,2.9127893
"hsa-miR-4466",10.10085,9.951961,9.568992
"hsa-miR-4467",-3.3219311,-3.207091,-3.0736556
"hsa-miR-4468",-3.3219311,-3.207091,-3.0736556
"hsa-miR-4469",-1.8215141,-3.207091,-3.0736556
"hsa-miR-4470",0.31321964,0.28043637,-3.0736556
"hsa-miR-4471",-3.3219311,-3.207091,-3.0736556
"hsa-miR-4472",3.071664,2.4060018,2.3218508
"hsa-miR-4473",-3.3219311,-3.207091,-3.0736556
"hsa-miR-4474-3p",-3.3219311,-3.207091,-3.0736556
"hsa-miR-4474-5p",-3.3219311,-3.207091,-3.0736556
"hsa-miR-4475",-3.3219311,-3.207091,-3.0736556
"hsa-miR-4476",5.1692452,5.3185043,5.3185043
"hsa-miR-4477a",-3.3219311,-3.207091,-3.0736556
"hsa-miR-4477b",-3.3219311,-3.207091,-3.0736556
"hsa-miR-4478",3.6179633,3.1826735,3.0620103
"hsa-miR-4479",-3.3219311,-3.207091,-3.0736556
"hsa-miR-448",-3.3219311,-3.207091,-3.0736556
"hsa-miR-4480",-3.3219311,-3.207091,-3.0736556
"hsa-miR-4481",2.5251057,2.1327376,2.6291637
"hsa-miR-4482-3p",-3.3219311,-3.207091,-3.0736556
"hsa-miR-4482-5p",-3.3219311,-3.207091,-3.0736556
"hsa-miR-4483",-3.3219311,-3.207091,-3.0736556
"hsa-miR-4484",7.9950275,6.938893,6.6229086
"hsa-miR-4485",0.60590416,4.4453325,3.0453677
"hsa-miR-4486",2.241987,1.8278722,2.2525213
"hsa-miR-4487",-1.8255529,-3.207091,-3.0736556
"hsa-miR-4488",-1.503831,-3.207091,-3.0736556
"hsa-miR-4489",-3.3219311,-3.207091,-3.0736556
"hsa-miR-4490",-3.3219311,-3.207091,-3.0736556
"hsa-miR-4491",-3.3219311,-3.207091,-3.0736556
"hsa-miR-4492",-3.3219311,-3.207091,-3.0736556
"hsa-miR-4493",-3.3219311,-3.207091,-3.0736556
"hsa-miR-4494",-3.3219311,-3.207091,-3.0736556
"hsa-miR-4495",-3.3219311,-3.207091,-3.0736556
"hsa-miR-4496",3.9979556,3.7657588,3.3136203
"hsa-miR-4497",4.8578277,5.543581,6.1605754
"hsa-miR-4498",-3.3219311,-3.207091,-3.0736556
"hsa-miR-4499",6.2305045,6.7578707,6.6621666
"hsa-miR-449a",-3.3219311,-3.207091,-3.0736556
"hsa-miR-449b-3p",-3.3219311,-3.207091,-3.0736556
"hsa-miR-449b-5p",-3.3219311,-3.207091,-3.0736556
"hsa-miR-449c-3p",-3.3219311,-3.207091,-3.0736556
"hsa-miR-449c-5p",-3.3219311,-3.207091,-3.0736556
"hsa-miR-4500",-3.3219311,-3.207091,-3.0736556
"hsa-miR-4501",-3.3219311,-3.207091,-3.0736556
"hsa-miR-4502",-3.3219311,-3.207091,-3.0736556
"hsa-miR-4503",-3.3219311,-3.207091,-3.0736556
"hsa-miR-4504",-3.3219311,-3.207091,-3.0736556
"hsa-miR-4505",8.562781,8.180164,8.805987
"hsa-miR-4506",-3.3219311,-3.207091,-3.0736556
"hsa-miR-4507",7.1571393,6.9743237,7.824608
"hsa-miR-4508",2.9474323,3.1443734,-3.0736556
"hsa-miR-4509",-3.3219311,-3.207091,-3.0736556
"hsa-miR-450a-3p",-3.3219311,-3.207091,-3.0736556
"hsa-miR-450a-5p",-3.3219311,-3.207091,-3.0736556
"hsa-miR-450b-3p",-3.3219311,-3.207091,-3.0736556
"hsa-miR-450b-5p",-3.3219311,-3.207091,-3.0736556
"hsa-miR-4510",-3.3219311,-3.207091,-3.0736556
"hsa-miR-4511",-3.3219311,-3.207091,-3.0736556
"hsa-miR-4512",-3.3219311,-3.207091,-3.0736556
"hsa-miR-4513",0.38254166,-3.207091,-3.0736556
"hsa-miR-4514",-1.8354399,-3.207091,-3.0736556
"hsa-miR-4515",2.928605,3.6603727,3.6179633
"hsa-miR-4516",13.529525,13.906573,12.826967
"hsa-miR-4517",-3.3219311,-3.207091,-3.0736556
"hsa-miR-4518",-3.3219311,-3.207091,-3.0736556
"hsa-miR-4519",-3.3219311,-3.207091,-3.0736556
"hsa-miR-451a",11.897646,11.823231,12.159297
"hsa-miR-451b",-3.3219311,-3.207091,-3.0736556
"hsa-miR-452-3p",-3.3219311,-3.207091,-3.0736556
"hsa-miR-452-5p",-3.3219311,-3.207091,-3.0736556
"hsa-miR-4520a-3p",-3.3219311,-3.207091,-3.0736556
"hsa-miR-4520a-5p",-3.3219311,-3.207091,-3.0736556
"hsa-miR-4520b-3p",-3.3219311,-3.207091,-3.0736556
"hsa-miR-4521",-3.3219311,-3.207091,-3.0736556
"hsa-miR-4522",-1.8083231,-3.207091,-3.0736556
"hsa-miR-4523",-3.3219311,-3.207091,-3.0736556
"hsa-miR-4524a-3p",-3.3219311,-3.207091,-3.0736556
"hsa-miR-4524a-5p",-3.3219311,-3.207091,-3.0736556
"hsa-miR-4524b-3p",-3.3219311,-3.207091,-3.0736556
"hsa-miR-4524b-5p",-3.3219311,-3.207091,-3.0736556
"hsa-miR-4525",-3.3219311,-3.207091,-3.0736556
"hsa-miR-4526",-3.3219311,-3.207091,-3.0736556
"hsa-miR-4527",-3.3219311,-3.207091,-3.0736556
"hsa-miR-4528",-3.3219311,-3.207091,-3.0736556
"hsa-miR-4529-3p",-3.3219311,-3.207091,-3.0736556
"hsa-miR-4529-5p",-3.3219311,-3.207091,-3.0736556
"hsa-miR-4530",8.805987,9.1811,10.221312
"hsa-miR-4531",-3.3219311,-3.207091,-3.0736556
"hsa-miR-4532",7.05753,7.096422,6.4013696
"hsa-miR-4533",-1.4449476,-3.207091,-3.0736556
"hsa-miR-4534",7.492075,7.7619143,7.7880306
"hsa-miR-4535",0.49351248,0.2711353,-3.0736556
"hsa-miR-4536-3p",-3.3219311,-3.207091,-3.0736556
"hsa-miR-4536-5p",-3.3219311,-3.207091,-3.0736556
"hsa-miR-4537",-3.3219311,-3.207091,-3.0736556
"hsa-miR-4538",-3.3219311,-3.207091,-3.0736556
"hsa-miR-4539",3.9138272,4.2978334,4.7903647
"hsa-miR-454-3p",-3.3219311,-3.207091,-3.0736556
"hsa-miR-454-5p",-3.3219311,-3.207091,-3.0736556
"hsa-miR-4540",-3.3219311,-3.207091,-3.0736556
"hsa-miR-455-3p",-3.3219311,-3.207091,-3.0736556
"hsa-miR-455-5p",-3.3219311,-3.207091,-3.0736556
"hsa-miR-4632-3p",-3.3219311,-3.207091,-3.0736556
"hsa-miR-4632-5p",6.8569593,6.2490096,5.4685016
"hsa-miR-4633-3p",-3.3219311,-3.207091,-3.0736556
"hsa-miR-4633-5p",-3.3219311,-3.207091,-3.0736556
"hsa-miR-4634",9.568992,9.485444,8.722046
"hsa-miR-4635",-3.3219311,-3.207091,-3.0736556
"hsa-miR-4636",-3.3219311,-3.207091,-3.0736556
"hsa-miR-4637",-3.3219311,-3.207091,-3.0736556
"hsa-miR-4638-3p",-3.3219311,-3.207091,-3.0736556
"hsa-miR-4638-5p",-3.3219311,-3.207091,-3.0736556
"hsa-miR-4639-3p",-3.3219311,-3.207091,-3.0736556
"hsa-miR-4639-5p",-3.3219311,-3.207091,-3.0736556
"hsa-miR-4640-3p",-3.3219311,-3.207091,-3.0736556
"hsa-miR-4640-5p",2.719685,2.0236163,-3.0736556
"hsa-miR-4641",-3.3219311,-3.207091,-3.0736556
"hsa-miR-4642",-3.3219311,-3.207091,-3.0736556
"hsa-miR-4643",-3.3219311,-3.207091,-3.0736556
"hsa-miR-4644",3.1663105,3.526312,3.9052165
"hsa-miR-4645-3p",-3.3219311,-3.207091,-3.0736556
"hsa-miR-4645-5p",-3.3219311,-3.207091,-3.0736556
"hsa-miR-4646-3p",-3.3219311,-3.207091,-3.0736556
"hsa-miR-4646-5p",4.243986,3.9322927,4.0633774
"hsa-miR-4647",-3.3219311,-3.207091,-3.0736556
"hsa-miR-4648",-1.4812449,-3.207091,-3.0736556
"hsa-miR-4649-3p",0.17212303,0.4756477,2.1600177
"hsa-miR-4649-5p",-3.3219311,-3.207091,-3.0736556
"hsa-miR-4650-3p",-3.3219311,-3.207091,-3.0736556
"hsa-miR-4650-5p",-3.3219311,-3.207091,-3.0736556
"hsa-miR-4651",5.4117465,5.098532,4.243986
"hsa-miR-4652-3p",-3.3219311,-3.207091,-3.0736556
"hsa-miR-4652-5p",-3.3219311,-3.207091,-3.0736556
"hsa-miR-4653-3p",-1.3976873,-3.207091,-3.0736556
"hsa-miR-4653-5p",-3.3219311,-3.207091,-3.0736556
"hsa-miR-4654",-3.3219311,-3.207091,-3.0736556
"hsa-miR-4655-3p",6.1081667,6.5704665,5.256756
"hsa-miR-4655-5p",3.4769588,3.4769588,3.1443734
"hsa-miR-4656",2.8212373,3.4446106,3.2702742
"hsa-miR-4657",-3.3219311,-3.207091,-3.0736556
"hsa-miR-4658",-3.3219311,-3.207091,-3.0736556
"hsa-miR-4659a-3p",0.44354823,2.928605,3.3649776
"hsa-miR-4659a-5p",-3.3219311,-3.207091,-3.0736556
"hsa-miR-4659b-3p",-3.3219311,-3.207091,-3.0736556
"hsa-miR-4659b-5p",-3.3219311,-3.207091,-3.0736556
"hsa-miR-466",-3.3219311,-3.207091,-3.0736556
"hsa-miR-4660",-3.3219311,-3.207091,-3.0736556
"hsa-miR-4661-3p",-3.3219311,-3.207091,-3.0736556
"hsa-miR-4661-5p",-3.3219311,-3.207091,-3.0736556
"hsa-miR-4662a-3p",-3.3219311,-3.207091,-3.0736556
"hsa-miR-4662a-5p",-3.3219311,-3.207091,-3.0736556
"hsa-miR-4662b",-3.3219311,-3.207091,-3.0736556
"hsa-miR-4663",-3.3219311,-3.207091,-3.0736556
"hsa-miR-4664-3p",-1.7728213,-3.207091,-3.0736556
"hsa-miR-4664-5p",-3.3219311,-3.207091,-3.0736556
"hsa-miR-4665-3p",3.7657588,4.398381,5.028312
"hsa-miR-4665-5p",1.9873347,0.36323872,-3.0736556
"hsa-miR-4666a-3p",-3.3219311,-3.207091,-3.0736556
"hsa-miR-4666a-5p",-3.3219311,-3.207091,-3.0736556
"hsa-miR-4666b",-3.3219311,-3.207091,-3.0736556
"hsa-miR-4667-3p",-3.3219311,-3.207091,-3.0736556
"hsa-miR-4667-5p",2.7506144,2.36444,2.9679365
"hsa-miR-4668-3p",-3.3219311,-3.207091,-3.0736556
"hsa-miR-4668-5p",-1.5459472,-3.207091,-3.0736556
"hsa-miR-4669",7.852569,8.366232,7.852569
"hsa-miR-4670-3p",-3.3219311,-3.207091,-3.0736556
"hsa-miR-4670-5p",-3.3219311,-3.207091,-3.0736556
"hsa-miR-4671-3p",-3.3219311,-3.207091,-3.0736556
"hsa-miR-4671-5p",-3.3219311,-3.207091,-3.0736556
"hsa-miR-4672",3.526312,2.7956212,2.241987
"hsa-miR-4673",2.6147668,2.9127893,2.6147668
"hsa-miR-4674",0.23672485,0.14069994,-3.0736556
"hsa-miR-4675",-3.3219311,-3.207091,-3.0736556
"hsa-miR-4676-3p",-3.3219311,-3.207091,-3.0736556
"hsa-miR-4676-5p",-3.3219311,-3.207091,-3.0736556
"hsa-miR-4677-3p",-3.3219311,-3.207091,-3.0736556
"hsa-miR-4677-5p",-3.3219311,-3.207091,-3.0736556
"hsa-miR-4678",-3.3219311,-3.207091,-3.0736556
"hsa-miR-4679",-3.3219311,-3.207091,-3.0736556
"hsa-miR-4680-3p",-3.3219311,-3.207091,-3.0736556
"hsa-miR-4680-5p",-3.3219311,-3.207091,-3.0736556
"hsa-miR-4681",-3.3219311,-3.207091,-3.0736556
"hsa-miR-4682",-3.3219311,-3.207091,-3.0736556
"hsa-miR-4683",-3.3219311,-3.207091,-3.0736556
"hsa-miR-4684-3p",-3.3219311,-3.207091,-3.0736556
"hsa-miR-4684-5p",-3.3219311,-3.207091,-3.0736556
"hsa-miR-4685-3p",-3.3219311,-3.207091,-3.0736556
"hsa-miR-4685-5p",0.3916119,-3.207091,-3.0736556
"hsa-miR-4686",-3.3219311,-3.207091,-3.0736556
"hsa-miR-4687-3p",11.823231,11.391525,10.841746
"hsa-miR-4687-5p",-3.3219311,-3.207091,-3.0736556
"hsa-miR-4688",4.1656704,3.4980218,3.1084423
"hsa-miR-4689",5.6723576,5.6106224,4.8578277
"hsa-miR-4690-3p",-3.3219311,-3.207091,-3.0736556
"hsa-miR-4690-5p",2.6884341,0.18280928,-3.0736556
"hsa-miR-4691-3p",-3.3219311,-3.207091,-3.0736556
"hsa-miR-4691-5p",-3.3219311,-3.207091,-3.0736556
"hsa-miR-4692",-3.3219311,-3.207091,-3.0736556
"hsa-miR-4693-3p",-3.3219311,-3.207091,-3.0736556
"hsa-miR-4693-5p",-3.3219311,-3.207091,-3.0736556
"hsa-miR-4694-3p",-3.3219311,-3.207091,-3.0736556
"hsa-miR-4694-5p",-3.3219311,-3.207091,-3.0736556
"hsa-miR-4695-3p",-3.3219311,-3.207091,-3.0736556
"hsa-miR-4695-5p",5.2732263,4.5073686,4.799108
"hsa-miR-4696",-3.3219311,-3.207091,-3.0736556
"hsa-miR-4697-3p",-3.3219311,-3.207091,-3.0736556
"hsa-miR-4697-5p",-3.3219311,-3.207091,-3.0736556
"hsa-miR-4698",3.0328329,4.0167317,4.3427305
"hsa-miR-4699-3p",-3.3219311,-3.207091,-3.0736556
"hsa-miR-4699-5p",-3.3219311,-3.207091,-3.0736556
"hsa-miR-4700-3p",-3.3219311,-3.207091,-3.0736556
"hsa-miR-4700-5p",-3.3219311,-3.207091,-3.0736556
"hsa-miR-4701-3p",3.6546688,3.3348906,3.6052566
"hsa-miR-4701-5p",-3.3219311,-3.207091,-3.0736556
"hsa-miR-4703-3p",-3.3219311,-3.207091,-3.0736556
"hsa-miR-4703-5p",-3.3219311,-3.207091,-3.0736556
"hsa-miR-4704-3p",-3.3219311,-3.207091,-3.0736556
"hsa-miR-4704-5p",-3.3219311,-3.207091,-3.0736556
"hsa-miR-4705",-3.3219311,-3.207091,-3.0736556
"hsa-miR-4706",-3.3219311,-3.207091,-3.0736556
"hsa-miR-4707-3p",2.4648895,2.4648895,2.0188854
"hsa-miR-4707-5p",4.1776934,3.10119,4.4050045
"hsa-miR-4708-3p",-3.3219311,-3.207091,-3.0736556
"hsa-miR-4708-5p",-3.3219311,-3.207091,-3.0736556
"hsa-miR-4709-3p",-3.3219311,-3.207091,-3.0736556
"hsa-miR-4709-5p",-3.3219311,-3.207091,-3.0736556
"hsa-miR-4710",0.2711353,-3.207091,-3.0736556
"hsa-miR-4711-3p",-3.3219311,-3.207091,-3.0736556
"hsa-miR-4711-5p",-3.3219311,-3.207091,-3.0736556
"hsa-miR-4712-3p",-3.3219311,-3.207091,-3.0736556
"hsa-miR-4712-5p",-3.3219311,-3.207091,-3.0736556
"hsa-miR-4713-3p",4.2978334,3.9112446,3.669083
"hsa-miR-4713-5p",-3.3219311,-3.207091,-3.0736556
"hsa-miR-4714-3p",-3.3219311,-3.207091,-3.0736556
"hsa-miR-4714-5p",-3.3219311,-3.207091,-3.0736556
"hsa-miR-4715-3p",-3.3219311,-3.207091,-3.0736556
"hsa-miR-4715-5p",-3.3219311,-3.207091,-3.0736556
"hsa-miR-4716-3p",4.1266193,4.1656704,5.1085143
"hsa-miR-4716-5p",-3.3219311,-3.207091,-3.0736556
"hsa-miR-4717-3p",-3.3219311,-3.207091,-3.0736556
"hsa-miR-4717-5p",-3.3219311,-3.207091,-3.0736556
"hsa-miR-4718",-3.3219311,-3.207091,-3.0736556
"hsa-miR-4719",0.4213147,-3.207091,-3.0736556
"hsa-miR-4720-3p",-3.3219311,-3.207091,-3.0736556
"hsa-miR-4720-5p",-3.3219311,-3.207091,-3.0736556
"hsa-miR-4721",5.379498,5.9113107,6.3448477
"hsa-miR-4722-3p",-3.3219311,-3.207091,-3.0736556
"hsa-miR-4722-5p",-3.3219311,-3.207091,-3.0736556
"hsa-miR-4723-3p",-3.3219311,-3.207091,-3.0736556
"hsa-miR-4723-5p",-3.3219311,-3.207091,-3.0736556
"hsa-miR-4724-3p",-3.3219311,-3.207091,-3.0736556
"hsa-miR-4724-5p",-3.3219311,-3.207091,-3.0736556
"hsa-miR-4725-3p",2.5726235,1.9873347,-3.0736556
"hsa-miR-4725-5p",-3.3219311,-3.207091,-3.0736556
"hsa-miR-4726-3p",-3.3219311,-3.207091,-3.0736556
"hsa-miR-4726-5p",-1.6326019,-3.207091,-3.0736556
"hsa-miR-4727-3p",-3.3219311,-3.207091,-3.0736556
"hsa-miR-4727-5p",-3.3219311,-3.207091,-3.0736556
"hsa-miR-4728-3p",0.35542968,0.31897327,-3.0736556
"hsa-miR-4728-5p",4.398381,2.8724816,2.8424945
"hsa-miR-4729",-3.3219311,-3.207091,-3.0736556
"hsa-miR-4730",-3.3219311,-3.207091,-3.0736556
"hsa-miR-4731-3p",-3.3219311,-3.207091,-3.0736556
"hsa-miR-4731-5p",-3.3219311,-3.207091,-3.0736556
"hsa-miR-4732-3p",-3.3219311,-3.207091,-3.0736556
"hsa-miR-4732-5p",2.2491386,0.4477743,-3.0736556
"hsa-miR-4733-3p",-3.3219311,-3.207091,-3.0736556
"hsa-miR-4733-5p",-3.3219311,-3.207091,-3.0736556
"hsa-miR-4734",3.6386797,3.5627422,3.4206
"hsa-miR-4735-3p",-3.3219311,-3.207091,-3.0736556
"hsa-miR-4735-5p",-3.3219311,-3.207091,-3.0736556
"hsa-miR-4736",-3.3219311,-3.207091,-3.0736556
"hsa-miR-4737",-3.3219311,-3.207091,-3.0736556
"hsa-miR-4738-3p",3.4913318,3.3792603,3.9979556
"hsa-miR-4738-5p",-3.3219311,-3.207091,-3.0736556
"hsa-miR-4739",8.203892,7.883151,7.3260765
"hsa-miR-4740-3p",-3.3219311,-3.207091,-3.0736556
"hsa-miR-4740-5p",2.772409,3.0328329,-3.0736556
"hsa-miR-4741",7.71725,7.954825,8.180164
"hsa-miR-4742-3p",-3.3219311,-3.207091,-3.0736556
"hsa-miR-4742-5p",-3.3219311,-3.207091,-3.0736556
"hsa-miR-4743-3p",-3.3219311,-3.207091,-3.0736556
"hsa-miR-4743-5p",2.201651,2.201651,2.201651
"hsa-miR-4744",-3.3219311,-3.207091,-3.0736556
"hsa-miR-4745-3p",-3.3219311,-3.207091,-3.0736556
"hsa-miR-4745-5p",6.1605754,7.4392815,6.7578707
"hsa-miR-4746-3p",4.4050045,4.243986,3.7168727
"hsa-miR-4746-5p",-3.3219311,-3.207091,-3.0736556
"hsa-miR-4747-3p",-3.3219311,-3.207091,-3.0736556
"hsa-miR-4747-5p",-3.3219311,-3.207091,-3.0736556
"hsa-miR-4748",0.536191,0.17713563,2.2194638
"hsa-miR-4749-3p",0.28544596,2.1600177,-3.0736556
"hsa-miR-4749-5p",-1.4462566,2.4407382,-3.0736556
"hsa-miR-4750-5p",-1.8260907,-3.207091,-3.0736556
"hsa-miR-4751",-3.3219311,-3.207091,-3.0736556
"hsa-miR-4752",-3.3219311,-3.207091,-3.0736556
"hsa-miR-4753-3p",-3.3219311,-3.207091,-3.0736556
"hsa-miR-4753-5p",-1.4194804,-3.207091,-3.0736556
"hsa-miR-4754",-3.3219311,-3.207091,-3.0736556
"hsa-miR-4755-3p",0.46924582,-3.207091,-3.0736556
"hsa-miR-4755-5p",-3.3219311,-3.207091,-3.0736556
"hsa-miR-4756-3p",-3.3219311,-3.207091,-3.0736556
"hsa-miR-4756-5p",-3.3219311,-3.207091,-3.0736556
"hsa-miR-4757-3p",-3.3219311,-3.207091,-3.0736556
"hsa-miR-4757-5p",-3.3219311,-3.207091,-3.0736556
"hsa-miR-4758-3p",-3.3219311,-3.207091,-3.0736556
"hsa-miR-4758-5p",4.2306266,4.0262055,3.4980218
"hsa-miR-4759",-3.3219311,-3.207091,-3.0736556
"hsa-miR-4760-3p",-3.3219311,-3.207091,-3.0736556
"hsa-miR-4760-5p",-3.3219311,-3.207091,-3.0736556
"hsa-miR-4761-3p",-3.3219311,-3.207091,-3.0736556
"hsa-miR-4761-5p",-3.3219311,-3.207091,-3.0736556
"hsa-miR-4762-3p",-3.3219311,-3.207091,-3.0736556
"hsa-miR-4762-5p",-3.3219311,-3.207091,-3.0736556
"hsa-miR-4763-3p",10.996398,10.996398,10.445773
"hsa-miR-4763-5p",-3.3219311,-3.207091,-3.0736556
"hsa-miR-4764-3p",-3.3219311,-3.207091,-3.0736556
"hsa-miR-4764-5p",-3.3219311,-3.207091,-3.0736556
"hsa-miR-4765",-3.3219311,-3.207091,-3.0736556
"hsa-miR-4766-3p",-3.3219311,-3.207091,-3.0736556
"hsa-miR-4766-5p",-3.3219311,-3.207091,-3.0736556
"hsa-miR-4767",3.810272,4.261028,4.10977
"hsa-miR-4768-3p",-3.3219311,-3.207091,-3.0736556
"hsa-miR-4768-5p",-3.3219311,-3.207091,-3.0736556
"hsa-miR-4769-3p",-1.7804986,0.42454943,2.7798429
"hsa-miR-4769-5p",0.34431615,0.23672485,-3.0736556
"hsa-miR-4770",-3.3219311,-3.207091,-3.0736556
"hsa-miR-4771",-3.3219311,-3.207091,-3.0736556
"hsa-miR-4772-3p",-3.3219311,-3.207091,-3.0736556
"hsa-miR-4772-5p",-3.3219311,-3.207091,-3.0736556
"hsa-miR-4773",-3.3219311,-3.207091,-3.0736556
"hsa-miR-4774-3p",-3.3219311,-3.207091,-3.0736556
"hsa-miR-4774-5p",-3.3219311,-3.207091,-3.0736556
"hsa-miR-4775",-3.3219311,-3.207091,-3.0736556
"hsa-miR-4776-3p",-3.3219311,-3.207091,-3.0736556
"hsa-miR-4776-5p",-3.3219311,-3.207091,-3.0736556
"hsa-miR-4777-3p",-3.3219311,-3.207091,-3.0736556
"hsa-miR-4777-5p",-3.3219311,-3.207091,-3.0736556
"hsa-miR-4778-3p",-3.3219311,-3.207091,-3.0736556
"hsa-miR-4778-5p",5.994433,6.5568066,6.8765206
"hsa-miR-4779",-3.3219311,-3.207091,-3.0736556
"hsa-miR-4780",-3.3219311,-3.207091,-3.0736556
"hsa-miR-4781-3p",-3.3219311,-3.207091,-3.0736556
"hsa-miR-4781-5p",-3.3219311,-3.207091,-3.0736556
"hsa-miR-4782-3p",-3.3219311,-3.207091,-3.0736556
"hsa-miR-4782-5p",-3.3219311,-3.207091,-3.0736556
"hsa-miR-4783-3p",-1.6977503,-3.207091,-3.0736556
"hsa-miR-4783-5p",-3.3219311,-3.207091,-3.0736556
"hsa-miR-4784",-3.3219311,-3.207091,-3.0736556
"hsa-miR-4785",3.8568783,4.3427305,3.7657588
"hsa-miR-4786-3p",-3.3219311,-3.207091,-3.0736556
"hsa-miR-4786-5p",-3.3219311,-3.207091,-3.0736556
"hsa-miR-4787-3p",4.763835,4.7247024,4.7440624
"hsa-miR-4787-5p",6.773577,6.321444,6.9227304
"hsa-miR-4788",7.170246,7.3469462,6.7048345
"hsa-miR-4789-3p",-3.3219311,-3.207091,-3.0736556
"hsa-miR-4789-5p",-3.3219311,-3.207091,-3.0736556
"hsa-miR-4790-3p",-3.3219311,-3.207091,-3.0736556
"hsa-miR-4790-5p",-3.3219311,-3.207091,-3.0736556
"hsa-miR-4791",-3.3219311,-3.207091,-3.0736556
"hsa-miR-4792",-3.3219311,-3.207091,-3.0736556
"hsa-miR-4793-3p",-3.3219311,-3.207091,-3.0736556
"hsa-miR-4793-5p",4.9498367,5.0631943,4.890602
"hsa-miR-4794",-3.3219311,-3.207091,-3.0736556
"hsa-miR-4795-3p",-3.3219311,-3.207091,-3.0736556
"hsa-miR-4795-5p",-3.3219311,-3.207091,-3.0736556
"hsa-miR-4796-3p",-3.3219311,-3.207091,-3.0736556
"hsa-miR-4796-5p",-3.3219311,-3.207091,-3.0736556
"hsa-miR-4797-3p",-3.3219311,-3.207091,-3.0736556
"hsa-miR-4797-5p",-3.3219311,-3.207091,-3.0736556
"hsa-miR-4798-3p",-3.3219311,-3.207091,-3.0736556
"hsa-miR-4798-5p",-3.3219311,-3.207091,-3.0736556
"hsa-miR-4799-3p",-3.3219311,-3.207091,-3.0736556
"hsa-miR-4799-5p",-3.3219311,-3.207091,-3.0736556
"hsa-miR-4800-3p",-3.3219311,-3.207091,-3.0736556
"hsa-miR-4800-5p",5.8881135,6.3069415,6.7243032
"hsa-miR-4801",-3.3219311,-3.207091,-3.0736556
"hsa-miR-4802-3p",-3.3219311,-3.207091,-3.0736556
"hsa-miR-4802-5p",-3.3219311,-3.207091,-3.0736556
"hsa-miR-4803",-3.3219311,-3.207091,-3.0736556
"hsa-miR-4804-3p",-3.3219311,-3.207091,-3.0736556
"hsa-miR-4804-5p",-3.3219311,-3.207091,-3.0736556
"hsa-miR-483-3p",-3.3219311,0.24512129,2.4648895
"hsa-miR-483-5p",7.032603,7.525301,7.9267807
"hsa-miR-484",2.0436354,2.6670117,2.36444
"hsa-miR-485-3p",-3.3219311,-3.207091,-3.0736556
"hsa-miR-485-5p",-3.3219311,-3.207091,-3.0736556
"hsa-miR-486-3p",-2.1738825,-3.207091,-3.0736556
"hsa-miR-486-5p",8.722046,9.070681,9.330599
"hsa-miR-487a",-3.3219311,-3.207091,-3.0736556
"hsa-miR-487b",-3.3219311,-3.207091,-3.0736556
"hsa-miR-488-3p",-3.3219311,-3.207091,-3.0736556
"hsa-miR-488-5p",-3.3219311,-3.207091,-3.0736556
"hsa-miR-489",-3.3219311,-3.207091,-3.0736556
"hsa-miR-490-3p",-3.3219311,-3.207091,-3.0736556
"hsa-miR-490-5p",-3.3219311,-3.207091,-3.0736556
"hsa-miR-491-3p",-3.3219311,-3.207091,-3.0736556
"hsa-miR-491-5p",-3.3219311,-3.207091,-3.0736556
"hsa-miR-492",-3.3219311,-3.207091,-3.0736556
"hsa-miR-493-3p",-3.3219311,-3.207091,-3.0736556
"hsa-miR-493-5p",-3.3219311,-3.207091,-3.0736556
"hsa-miR-494",4.0167317,5.9772625,5.860832
"hsa-miR-495-3p",-3.3219311,-3.207091,-3.0736556
"hsa-miR-495-5p",-3.3219311,-3.207091,-3.0736556
"hsa-miR-496",-3.3219311,-3.207091,-3.0736556
"hsa-miR-497-3p",-3.3219311,-3.207091,-3.0736556
"hsa-miR-497-5p",-1.6269664,0.15618627,2.0993965
"hsa-miR-498",4.4453325,4.1776934,3.9770072
"hsa-miR-4999-3p",-3.3219311,-3.207091,-3.0736556
"hsa-miR-4999-5p",-3.3219311,-3.207091,-3.0736556
"hsa-miR-499a-3p",-3.3219311,-3.207091,-3.0736556
"hsa-miR-499a-5p",-3.3219311,-3.207091,-3.0736556
"hsa-miR-499b-3p",-3.3219311,-3.207091,-3.0736556
"hsa-miR-499b-5p",-3.3219311,-3.207091,-3.0736556
"hsa-miR-5000-3p",-3.3219311,-3.207091,-3.0736556
"hsa-miR-5000-5p",-3.3219311,-3.207091,-3.0736556
"hsa-miR-5001-3p",-3.3219311,-3.207091,-3.0736556
"hsa-miR-5001-5p",6.5301533,6.2305045,7.1571393
"hsa-miR-5002-3p",-3.3219311,-3.207091,-3.0736556
"hsa-miR-5002-5p",-3.3219311,-3.207091,-3.0736556
"hsa-miR-5003-3p",3.0453677,2.400923,-3.0736556
"hsa-miR-5003-5p",-3.3219311,-3.207091,-3.0736556
"hsa-miR-5004-3p",-3.3219311,-3.207091,-3.0736556
"hsa-miR-5004-5p",-3.3219311,-3.207091,-3.0736556
"hsa-miR-5006-3p",-3.3219311,-3.207091,-3.0736556
"hsa-miR-5006-5p",5.728519,5.5035257,5.4117465
"hsa-miR-5007-3p",-3.3219311,-3.207091,-3.0736556
"hsa-miR-5007-5p",-3.3219311,-3.207091,-3.0736556
"hsa-miR-5008-3p",-3.3219311,-3.207091,-3.0736556
"hsa-miR-5008-5p",4.156076,3.6976626,2.6807978
"hsa-miR-5009-3p",-3.3219311,-3.207091,-3.0736556
"hsa-miR-5009-5p",-3.3219311,-3.207091,-3.0736556
"hsa-miR-500a-3p",-1.7339171,-3.207091,-3.0736556
"hsa-miR-500a-5p",-3.3219311,-3.207091,-3.0736556
"hsa-miR-500b",-3.3219311,-3.207091,-3.0736556
"hsa-miR-501-3p",-3.3219311,-3.207091,-3.0736556
"hsa-miR-501-5p",-3.3219311,-3.207091,-3.0736556
"hsa-miR-5010-3p",-3.3219311,-3.207091,-3.0736556
"hsa-miR-5010-5p",-1.3977427,-3.207091,2.400923
"hsa-miR-5011-3p",-3.3219311,-3.207091,-3.0736556
"hsa-miR-5011-5p",-3.3219311,-3.207091,-3.0736556
"hsa-miR-502-3p",-3.3219311,-3.207091,-3.0736556
"hsa-miR-502-5p",-3.3219311,-3.207091,-3.0736556
"hsa-miR-503-3p",-3.3219311,-3.207091,-3.0736556
"hsa-miR-503-5p",-3.3219311,-3.207091,-3.0736556
"hsa-miR-504",-3.3219311,-3.207091,-3.0736556
"hsa-miR-5047",-3.3219311,-3.207091,-3.0736556
"hsa-miR-505-3p",-1.7988191,-3.207091,-3.0736556
"hsa-miR-505-5p",-3.3219311,-3.207091,-3.0736556
"hsa-miR-506-3p",-3.3219311,-3.207091,-3.0736556
"hsa-miR-506-5p",-3.3219311,-3.207091,-3.0736556
"hsa-miR-507",-3.3219311,-3.207091,-3.0736556
"hsa-miR-508-3p",-3.3219311,-3.207091,-3.0736556
"hsa-miR-508-5p",-3.3219311,-3.207091,-3.0736556
"hsa-miR-5087",-3.3219311,-3.207091,-3.0736556
"hsa-miR-5088",2.0188854,-3.207091,-3.0736556
"hsa-miR-5089-3p",-3.3219311,-3.207091,-3.0736556
"hsa-miR-5089-5p",-3.3219311,-3.207091,-3.0736556
"hsa-miR-509-3-5p",-3.3219311,-3.207091,-3.0736556
"hsa-miR-509-3p",-3.3219311,-3.207091,-3.0736556
"hsa-miR-509-5p",-3.3219311,-3.207091,-3.0736556
"hsa-miR-5090",-3.3219311,-3.207091,-3.0736556
"hsa-miR-5091",-3.3219311,-3.207091,-3.0736556
"hsa-miR-5092",-3.3219311,-3.207091,-3.0736556
"hsa-miR-5093",-3.3219311,-3.207091,-3.0736556
"hsa-miR-5094",-3.3219311,-3.207091,-3.0736556
"hsa-miR-5095",-3.3219311,-3.207091,-3.0736556
"hsa-miR-5096",0.4756477,0.44354823,-3.0736556
"hsa-miR-510",-3.3219311,-3.207091,-3.0736556
"hsa-miR-5100",9.264393,9.22728,11.078675
"hsa-miR-511",-3.3219311,-3.207091,-3.0736556
"hsa-miR-512-3p",-3.3219311,-3.207091,-3.0736556
"hsa-miR-512-5p",-3.3219311,-3.207091,-3.0736556
"hsa-miR-513a-3p",-2.1031532,-3.207091,-3.0736556
"hsa-miR-513a-5p",0.16280587,0.15113251,2.0236163
"hsa-miR-513b",-3.3219311,-3.207091,-3.0736556
"hsa-miR-513c-3p",-3.3219311,-3.207091,-3.0736556
"hsa-miR-513c-5p",-3.3219311,-3.207091,-3.0736556
"hsa-miR-514a-3p",-3.3219311,-3.207091,-3.0736556
"hsa-miR-514a-5p",-3.3219311,-3.207091,-3.0736556
"hsa-miR-514b-3p",-3.3219311,-3.207091,-3.0736556
"hsa-miR-514b-5p",3.075962,3.4425852,3.8008242
"hsa-miR-515-3p",-3.3219311,-3.207091,-3.0736556
"hsa-miR-515-5p",-3.3219311,-3.207091,-3.0736556
"hsa-miR-516a-3p",-3.3219311,-3.207091,-3.0736556
"hsa-miR-516a-5p",2.9726644,2.6807978,3.6603727
"hsa-miR-516b-5p",-3.3219311,-3.207091,-3.0736556
"hsa-miR-517-5p",-3.3219311,-3.207091,-3.0736556
"hsa-miR-517a-3p",-3.3219311,-3.207091,-3.0736556
"hsa-miR-517c-3p",-3.3219311,-3.207091,-3.0736556
"hsa-miR-5186",-3.3219311,-3.207091,-3.0736556
"hsa-miR-5187-3p",-3.3219311,-3.207091,-3.0736556
"hsa-miR-5187-5p",-3.3219311,-3.207091,-3.0736556
"hsa-miR-5188",-3.3219311,-3.207091,-3.0736556
"hsa-miR-5189",3.8008242,2.7798429,2.3408113
"hsa-miR-518a-3p",-3.3219311,-3.207091,-3.0736556
"hsa-miR-518a-5p",-3.3219311,-3.207091,-3.0736556
"hsa-miR-518b",-3.3219311,-3.207091,-3.0736556
"hsa-miR-518c-3p",-3.3219311,-3.207091,-3.0736556
"hsa-miR-518c-5p",-3.3219311,-3.207091,-3.0736556
"hsa-miR-518d-3p",-3.3219311,-3.207091,-3.0736556
"hsa-miR-518e-3p",-3.3219311,-3.207091,-3.0736556
"hsa-miR-518e-5p",-3.3219311,-3.207091,-3.0736556
"hsa-miR-518f-3p",-3.3219311,-3.207091,-3.0736556
"hsa-miR-518f-5p",-3.3219311,-3.207091,-3.0736556
"hsa-miR-5190",0.4477743,0.1439616,-3.0736556
"hsa-miR-5191",-3.3219311,-3.207091,-3.0736556
"hsa-miR-5192",-3.3219311,-3.207091,-3.0736556
"hsa-miR-5193",-3.3219311,-3.207091,-3.0736556
"hsa-miR-5194",2.8691173,2.730394,2.9726644
"hsa-miR-5195-3p",6.5568066,7.170246,6.091837
"hsa-miR-5195-5p",-3.3219311,-3.207091,-3.0736556
"hsa-miR-5196-3p",-3.3219311,-3.207091,-3.0736556
"hsa-miR-5196-5p",4.5073686,4.6976914,4.1164203
"hsa-miR-5197-3p",-3.3219311,-3.207091,-3.0736556
"hsa-miR-5197-5p",-3.3219311,-3.207091,-3.0736556
"hsa-miR-519b-3p",-3.3219311,-3.207091,-3.0736556
"hsa-miR-519c-3p",-3.3219311,-3.207091,-3.0736556
"hsa-miR-519d",-3.3219311,-3.207091,-3.0736556
"hsa-miR-519e-3p",-3.3219311,-3.207091,-3.0736556
"hsa-miR-519e-5p",-3.3219311,-3.207091,-3.0736556
"hsa-miR-520a-3p",-3.3219311,-3.207091,-3.0736556
"hsa-miR-520a-5p",-3.3219311,-3.207091,-3.0736556
"hsa-miR-520b",2.1932633,2.090471,-3.0736556
"hsa-miR-520c-3p",-3.3219311,-3.207091,-3.0736556
"hsa-miR-520d-3p",-3.3219311,-3.207091,-3.0736556
"hsa-miR-520e",0.6417286,0.48319444,-3.0736556
"hsa-miR-520f",-3.3219311,-3.207091,-3.0736556
"hsa-miR-520g",-3.3219311,-3.207091,-3.0736556
"hsa-miR-520h",-3.3219311,-3.207091,-3.0736556
"hsa-miR-521",-3.3219311,-3.207091,-3.0736556
"hsa-miR-522-3p",-3.3219311,-3.207091,-3.0736556
"hsa-miR-523-3p",-3.3219311,-3.207091,-3.0736556
"hsa-miR-524-3p",-3.3219311,-3.207091,-3.0736556
"hsa-miR-525-3p",-3.3219311,-3.207091,-3.0736556
"hsa-miR-525-5p",-3.3219311,-3.207091,-3.0736556
"hsa-miR-526b-3p",-3.3219311,-3.207091,-3.0736556
"hsa-miR-526b-5p",-1.4003086,0.4809004,2.2491386
"hsa-miR-532-3p",-3.3219311,-3.207091,-3.0736556
"hsa-miR-532-5p",-3.3219311,-3.207091,-3.0736556
"hsa-miR-539-3p",-3.3219311,-3.207091,-3.0736556
"hsa-miR-539-5p",-3.3219311,-3.207091,-3.0736556
"hsa-miR-541-3p",-3.3219311,-3.207091,-3.0736556
"hsa-miR-541-5p",-3.3219311,-3.207091,-3.0736556
"hsa-miR-542-3p",-3.3219311,-3.207091,-3.0736556
"hsa-miR-542-5p",-3.3219311,-3.207091,-3.0736556
"hsa-miR-543",-3.3219311,-3.207091,-3.0736556
"hsa-miR-544a",-3.3219311,-3.207091,-3.0736556
"hsa-miR-544b",-3.3219311,-3.207091,-3.0736556
"hsa-miR-545-3p",-3.3219311,-3.207091,-3.0736556
"hsa-miR-545-5p",-3.3219311,-3.207091,-3.0736556
"hsa-miR-548a-3p",-3.3219311,-3.207091,-3.0736556
"hsa-miR-548a-5p",-3.3219311,-3.207091,-3.0736556
"hsa-miR-548aa",-3.3219311,-3.207091,-3.0736556
"hsa-miR-548ab",-3.3219311,-3.207091,-3.0736556
"hsa-miR-548ac",-3.3219311,-3.207091,-3.0736556
"hsa-miR-548ad",-3.3219311,-3.207091,-3.0736556
"hsa-miR-548ae",-3.3219311,-3.207091,-3.0736556
"hsa-miR-548ag",-3.3219311,-3.207091,-3.0736556
"hsa-miR-548ah-5p",-3.3219311,-3.207091,-3.0736556
"hsa-miR-548ai",-3.3219311,-3.207091,-3.0736556
"hsa-miR-548aj-3p",-3.3219311,-3.207091,-3.0736556
"hsa-miR-548aj-5p",-3.3219311,-3.207091,-3.0736556
"hsa-miR-548ak",-3.3219311,-3.207091,-3.0736556
"hsa-miR-548al",-3.3219311,-3.207091,-3.0736556
"hsa-miR-548am-3p",-3.3219311,-3.207091,-3.0736556
"hsa-miR-548am-5p",-3.3219311,-3.207091,-3.0736556
"hsa-miR-548an",-3.3219311,-3.207091,-3.0736556
"hsa-miR-548ao-3p",-3.3219311,-3.207091,-3.0736556
"hsa-miR-548ao-5p",-3.3219311,-3.207091,-3.0736556
"hsa-miR-548ap-3p",-3.3219311,-3.207091,-3.0736556
"hsa-miR-548ap-5p",-3.3219311,-3.207091,-3.0736556
"hsa-miR-548aq-5p",-3.3219311,-3.207091,-3.0736556
"hsa-miR-548ar-3p",-3.3219311,-3.207091,-3.0736556
"hsa-miR-548ar-5p",-3.3219311,-3.207091,-3.0736556
"hsa-miR-548as-3p",-3.3219311,-3.207091,-3.0736556
"hsa-miR-548as-5p",-3.3219311,-3.207091,-3.0736556
"hsa-miR-548at-3p",-3.3219311,-3.207091,-3.0736556
"hsa-miR-548at-5p",-3.3219311,-3.207091,-3.0736556
"hsa-miR-548au-3p",-3.3219311,-3.207091,-3.0736556
"hsa-miR-548au-5p",-3.3219311,-3.207091,-3.0736556
"hsa-miR-548av-3p",-3.3219311,-3.207091,-3.0736556
"hsa-miR-548av-5p",-3.3219311,-3.207091,-3.0736556
"hsa-miR-548aw",-3.3219311,-3.207091,-3.0736556
"hsa-miR-548ax",-3.3219311,-3.207091,-3.0736556
"hsa-miR-548ay-3p",-3.3219311,-3.207091,-3.0736556
"hsa-miR-548ay-5p",-3.3219311,-3.207091,-3.0736556
"hsa-miR-548az-3p",-3.3219311,-3.207091,-3.0736556
"hsa-miR-548az-5p",-3.3219311,-3.207091,-3.0736556
"hsa-miR-548b-3p",-3.3219311,-3.207091,-3.0736556
"hsa-miR-548b-5p",-3.3219311,-3.207091,-3.0736556
"hsa-miR-548c-3p",-3.3219311,-3.207091,-3.0736556
"hsa-miR-548d-3p",-3.3219311,-3.207091,-3.0736556
"hsa-miR-548d-5p",-3.3219311,-3.207091,-3.0736556
"hsa-miR-548e",-3.3219311,-3.207091,-3.0736556
"hsa-miR-548f",-3.3219311,-3.207091,-3.0736556
"hsa-miR-548g-3p",-3.3219311,-3.207091,-3.0736556
"hsa-miR-548h-3p",-3.3219311,-3.207091,-3.0736556
"hsa-miR-548h-5p",-3.3219311,-3.207091,-3.0736556
"hsa-miR-548i",-3.3219311,-3.207091,-3.0736556
"hsa-miR-548j",-3.3219311,-3.207091,-3.0736556
"hsa-miR-548k",-3.3219311,-3.207091,-3.0736556
"hsa-miR-548l",-3.3219311,-3.207091,-3.0736556
"hsa-miR-548m",-3.3219311,-3.207091,-3.0736556
"hsa-miR-548n",-3.3219311,-3.207091,-3.0736556
"hsa-miR-548p",-3.3219311,-3.207091,-3.0736556
"hsa-miR-548q",5.152357,5.1965594,5.0631943
"hsa-miR-548s",-3.3219311,-3.207091,-3.0736556
"hsa-miR-548t-5p",-3.3219311,-3.207091,-3.0736556
"hsa-miR-548u",-3.3219311,-3.207091,-3.0736556
"hsa-miR-548v",-3.3219311,-3.207091,-3.0736556
"hsa-miR-548w",-3.3219311,-3.207091,-3.0736556
"hsa-miR-548x-3p",-3.3219311,-3.207091,-3.0736556
"hsa-miR-548y",-3.3219311,-3.207091,-3.0736556
"hsa-miR-549a",-3.3219311,-3.207091,-3.0736556
"hsa-miR-550a-3-5p",2.6291637,2.9679365,3.2084842
"hsa-miR-550a-3p",-3.3219311,-3.207091,-3.0736556
"hsa-miR-550a-5p",-1.6299384,0.030730745,1.8040142
"hsa-miR-550b-2-5p",-1.7495539,2.0993965,2.1327376
"hsa-miR-550b-3p",-3.3219311,-3.207091,-3.0736556
"hsa-miR-551a",-3.3219311,-3.207091,-3.0736556
"hsa-miR-551b-3p",-3.3219311,-3.207091,-3.0736556
"hsa-miR-551b-5p",-2.0379517,-3.207091,-3.0736556
"hsa-miR-552",-3.3219311,-3.207091,-3.0736556
"hsa-miR-553",-3.3219311,-3.207091,-3.0736556
"hsa-miR-554",-3.3219311,-3.207091,-3.0736556
"hsa-miR-555",-3.3219311,-3.207091,-3.0736556
"hsa-miR-556-3p",-3.3219311,-3.207091,-3.0736556
"hsa-miR-556-5p",-3.3219311,-3.207091,-3.0736556
"hsa-miR-557",5.4685016,5.3357415,4.361325
"hsa-miR-5571-3p",-3.3219311,-3.207091,-3.0736556
"hsa-miR-5571-5p",-3.3219311,-3.207091,-3.0736556
"hsa-miR-5572",-3.3219311,-3.207091,-3.0736556
"hsa-miR-5579-3p",-3.3219311,-3.207091,-3.0736556
"hsa-miR-5579-5p",-3.3219311,-3.207091,-3.0736556
"hsa-miR-558",-3.3219311,-3.207091,-3.0736556
"hsa-miR-5580-3p",-3.3219311,-3.207091,-3.0736556
"hsa-miR-5580-5p",-3.3219311,-3.207091,-3.0736556
"hsa-miR-5581-3p",-3.3219311,-3.207091,-3.0736556
"hsa-miR-5581-5p",2.1544275,-3.207091,-3.0736556
"hsa-miR-5582-3p",-3.3219311,-3.207091,-3.0736556
"hsa-miR-5582-5p",-3.3219311,-3.207091,-3.0736556
"hsa-miR-5583-3p",-3.3219311,-3.207091,-3.0736556
"hsa-miR-5583-5p",-3.3219311,-3.207091,-3.0736556
"hsa-miR-5584-3p",-3.3219311,-3.207091,-3.0736556
"hsa-miR-5584-5p",-1.7140064,-3.207091,-3.0736556
"hsa-miR-5585-3p",6.2567625,6.2567625,5.9113107
"hsa-miR-5585-5p",-3.3219311,-3.207091,-3.0736556
"hsa-miR-5586-3p",-3.3219311,-3.207091,-3.0736556
"hsa-miR-5586-5p",-3.3219311,-3.207091,-3.0736556
"hsa-miR-5587-3p",-3.3219311,-3.207091,-3.0736556
"hsa-miR-5587-5p",0.40610063,2.567832,3.3712838
"hsa-miR-5588-3p",-3.3219311,-3.207091,-3.0736556
"hsa-miR-5588-5p",-3.3219311,-3.207091,-3.0736556
"hsa-miR-5589-3p",-3.3219311,-3.207091,-3.0736556
"hsa-miR-5589-5p",-3.3219311,-3.207091,-3.0736556
"hsa-miR-559",-3.3219311,-3.207091,-3.0736556
"hsa-miR-5590-3p",-3.3219311,-3.207091,-3.0736556
"hsa-miR-5590-5p",-3.3219311,-3.207091,-3.0736556
"hsa-miR-5591-3p",-3.3219311,-3.207091,-3.0736556
"hsa-miR-5591-5p",-3.3219311,-3.207091,-3.0736556
"hsa-miR-561-3p",-3.3219311,-3.207091,-3.0736556
"hsa-miR-561-5p",-3.3219311,-3.207091,-3.0736556
"hsa-miR-562",-3.3219311,-3.207091,-3.0736556
"hsa-miR-563",-3.3219311,-3.207091,-3.0736556
"hsa-miR-564",3.4689379,3.3649776,-3.0736556
"hsa-miR-566",-3.3219311,-3.207091,-3.0736556
"hsa-miR-567",-3.3219311,-3.207091,-3.0736556
"hsa-miR-568",-3.3219311,-3.207091,-3.0736556
"hsa-miR-5680",-3.3219311,-3.207091,-3.0736556
"hsa-miR-5681a",-3.3219311,-3.207091,-3.0736556
"hsa-miR-5681b",-3.3219311,-3.207091,-3.0736556
"hsa-miR-5682",-3.3219311,-3.207091,-3.0736556
"hsa-miR-5683",-3.3219311,-3.207091,-3.0736556
"hsa-miR-5684",-3.3219311,-3.207091,-3.0736556
"hsa-miR-5685",3.3712838,2.1197338,-3.0736556
"hsa-miR-5686",-3.3219311,-3.207091,-3.0736556
"hsa-miR-5687",-3.3219311,-3.207091,-3.0736556
"hsa-miR-5688",-3.3219311,-3.207091,-3.0736556
"hsa-miR-5689",-3.3219311,-3.207091,-3.0736556
"hsa-miR-569",-3.3219311,-3.207091,-3.0736556
"hsa-miR-5690",-3.3219311,-3.207091,-3.0736556
"hsa-miR-5691",-3.3219311,-3.207091,-3.0736556
"hsa-miR-5692a",-3.3219311,-3.207091,-3.0736556
"hsa-miR-5692b",-3.3219311,-3.207091,-3.0736556
"hsa-miR-5692c",-3.3219311,-3.207091,-3.0736556
"hsa-miR-5693",-3.3219311,-3.207091,-3.0736556
"hsa-miR-5694",-3.3219311,-3.207091,-3.0736556
"hsa-miR-5695",-3.3219311,-3.207091,-3.0736556
"hsa-miR-5696",-3.3219311,-3.207091,-3.0736556
"hsa-miR-5697",-3.3219311,-3.207091,-3.0736556
"hsa-miR-5698",-3.3219311,-3.207091,-3.0736556
"hsa-miR-5699",-3.3219311,-3.207091,-3.0736556
"hsa-miR-570-3p",-3.3219311,-3.207091,-3.0736556
"hsa-miR-5700",-3.3219311,-3.207091,-3.0736556
"hsa-miR-5701",-3.3219311,-3.207091,-3.0736556
"hsa-miR-5702",-3.3219311,-3.207091,-3.0736556
"hsa-miR-5703",9.030489,8.519404,8.703368
"hsa-miR-5704",-3.3219311,-3.207091,-3.0736556
"hsa-miR-5705",-3.3219311,-3.207091,-3.0736556
"hsa-miR-5706",-3.3219311,-3.207091,-3.0736556
"hsa-miR-5707",-3.3219311,-3.207091,-3.0736556
"hsa-miR-5708",-3.3219311,-3.207091,-3.0736556
"hsa-miR-571",-3.3219311,-3.207091,-3.0736556
"hsa-miR-572",5.9113107,5.5651917,6.2490096
"hsa-miR-573",-3.3219311,-3.207091,-3.0736556
"hsa-miR-5739",8.309331,8.480758,8.407697
"hsa-miR-574-3p",-3.3219311,-3.207091,-3.0736556
"hsa-miR-574-5p",7.4392815,7.2277746,7.353423
"hsa-miR-575",6.321444,7.6280236,8.647142
"hsa-miR-576-3p",-3.3219311,-3.207091,-3.0736556
"hsa-miR-576-5p",-3.3219311,-3.207091,-3.0736556
"hsa-miR-577",-3.3219311,-3.207091,-3.0736556
"hsa-miR-578",-3.3219311,-3.207091,-3.0736556
"hsa-miR-5787",9.012553,9.330599,9.713499
"hsa-miR-579",-3.3219311,-3.207091,-3.0736556
"hsa-miR-580",-3.3219311,-3.207091,-3.0736556
"hsa-miR-581",-3.3219311,-3.207091,-3.0736556
"hsa-miR-582-3p",-3.3219311,-3.207091,-3.0736556
"hsa-miR-582-5p",-3.3219311,-3.207091,-3.0736556
"hsa-miR-583",0.33409086,-3.207091,-3.0736556
"hsa-miR-584-3p",-3.3219311,-3.207091,-3.0736556
"hsa-miR-584-5p",3.2702742,3.5522776,3.8360605
"hsa-miR-585",-3.3219311,-3.207091,-3.0736556
"hsa-miR-586",-3.3219311,-3.207091,-3.0736556
"hsa-miR-587",-3.3219311,-3.207091,-3.0736556
"hsa-miR-588",-3.3219311,-3.207091,-3.0736556
"hsa-miR-589-3p",-3.3219311,-3.207091,-3.0736556
"hsa-miR-589-5p",-3.3219311,-3.207091,-3.0736556
"hsa-miR-590-3p",-3.3219311,-3.207091,-3.0736556
"hsa-miR-590-5p",0.15618627,-3.207091,-3.0736556
"hsa-miR-591",-3.3219311,-3.207091,-3.0736556
"hsa-miR-592",-3.3219311,-3.207091,-3.0736556
"hsa-miR-593-3p",-3.3219311,-3.207091,-3.0736556
"hsa-miR-593-5p",-3.3219311,-3.207091,-3.0736556
"hsa-miR-595",0.5786775,0.60590416,1.9873347
"hsa-miR-596",-3.3219311,-3.207091,-3.0736556
"hsa-miR-597",-3.3219311,-3.207091,-3.0736556
"hsa-miR-598",-3.3219311,-3.207091,-3.0736556
"hsa-miR-599",-3.3219311,-3.207091,-3.0736556
"hsa-miR-600",-3.3219311,-3.207091,-3.0736556
"hsa-miR-601",4.890602,4.486861,3.9112446
"hsa-miR-602",0.18867464,-3.207091,-3.0736556
"hsa-miR-603",-3.3219311,-3.207091,-3.0736556
"hsa-miR-604",-3.3219311,-3.207091,-3.0736556
"hsa-miR-605",-3.3219311,-3.207091,-3.0736556
"hsa-miR-606",-3.3219311,-3.207091,-3.0736556
"hsa-miR-6068",7.6785703,7.3260765,8.309331
"hsa-miR-6069",1.8046027,3.075962,2.8724816
"hsa-miR-607",-3.3219311,-3.207091,-3.0736556
"hsa-miR-6070",-3.3219311,-3.207091,-3.0736556
"hsa-miR-6071",-0.07176152,0.63595915,-3.0736556
"hsa-miR-6072",-3.3219311,-3.207091,-3.0736556
"hsa-miR-6073",4.799108,4.763835,4.8107786
"hsa-miR-6074",-3.3219311,-3.207091,-3.0736556
"hsa-miR-6075",3.2180467,2.241987,3.3416066
"hsa-miR-6076",6.05573,6.589857,6.900331
"hsa-miR-6077",-3.3219311,-3.207091,-3.0736556
"hsa-miR-6078",-3.3219311,-3.207091,-3.0736556
"hsa-miR-6079",-3.3219311,-3.207091,-3.0736556
"hsa-miR-608",-3.3219311,-3.207091,-3.0736556
"hsa-miR-6080",-3.3219311,-3.207091,-3.0736556
"hsa-miR-6081",-3.3219311,-3.207091,-3.0736556
"hsa-miR-6082",-3.3219311,-3.207091,-3.0736556
"hsa-miR-6083",3.3348906,2.9474323,-3.0736556
"hsa-miR-6084",-3.3219311,-3.207091,-3.0736556
"hsa-miR-6085",9.053687,9.053687,8.203892
"hsa-miR-6086",5.5035257,5.456847,5.5035257
"hsa-miR-6087",12.72857,12.073096,11.640212
"hsa-miR-6088",11.320985,11.640212,11.320985
"hsa-miR-6089",14.386331,14.386331,14.386331
"hsa-miR-609",-3.3219311,-3.207091,-3.0736556
"hsa-miR-6090",14.730861,14.730861,13.906573
"hsa-miR-610",2.067525,3.0620103,3.526312
"hsa-miR-611",-3.3219311,-3.207091,-3.0736556
"hsa-miR-612",-3.3219311,-3.207091,-3.0736556
"hsa-miR-6124",8.366232,8.647142,8.480758
"hsa-miR-6125",12.073096,12.431195,12.72857
"hsa-miR-6126",7.3260765,7.137283,6.589857
"hsa-miR-6127",8.657183,9.030489,8.519404
"hsa-miR-6128",-3.3219311,-3.207091,-3.0736556
"hsa-miR-6129",-1.7356743,-3.207091,-3.0736556
"hsa-miR-613",-3.3219311,-3.207091,-3.0736556
"hsa-miR-6130",-3.3219311,-3.207091,-3.0736556
"hsa-miR-6131",3.509763,3.1553457,3.1826735
"hsa-miR-6132",3.6736429,4.852462,5.348327
"hsa-miR-6133",2.2194638,1.8343475,3.3348906
"hsa-miR-6134",-3.3219311,-3.207091,-3.0736556
"hsa-miR-614",-3.3219311,-3.207091,-3.0736556
"hsa-miR-615-3p",-3.3219311,-3.207091,-3.0736556
"hsa-miR-615-5p",-3.3219311,-3.207091,-3.0736556
"hsa-miR-616-3p",-3.3219311,-3.207091,-3.0736556
"hsa-miR-616-5p",-3.3219311,-3.207091,-3.0736556
"hsa-miR-6165",7.7880306,7.824608,7.71725
"hsa-miR-617",-3.3219311,-3.207091,-3.0736556
"hsa-miR-618",-3.3219311,-3.207091,-3.0736556
"hsa-miR-619",-3.3219311,-3.207091,-3.0736556
"hsa-miR-620",-3.3219311,-3.207091,-3.0736556
"hsa-miR-621",-3.3219311,-3.207091,-3.0736556
"hsa-miR-622",2.6335714,2.5938458,-3.0736556
"hsa-miR-623",4.0633774,3.8568783,4.9498367
"hsa-miR-624-3p",-3.3219311,-3.207091,-3.0736556
"hsa-miR-624-5p",-3.3219311,-3.207091,-3.0736556
"hsa-miR-625-3p",-3.3219311,-3.207091,-3.0736556
"hsa-miR-625-5p",-3.3219311,-3.207091,-3.0736556
"hsa-miR-626",-3.3219311,-3.207091,-3.0736556
"hsa-miR-627",-3.3219311,-3.207091,-3.0736556
"hsa-miR-628-3p",-3.3219311,-3.207091,-3.0736556
"hsa-miR-628-5p",-3.3219311,-3.207091,-3.0736556
"hsa-miR-629-3p",-1.7585357,-3.207091,-3.0736556
"hsa-miR-629-5p",-2.0508592,-3.207091,-3.0736556
"hsa-miR-630",9.713499,8.868479,9.053687
"hsa-miR-631",-3.3219311,-3.207091,-3.0736556
"hsa-miR-632",-3.3219311,-3.207091,-3.0736556
"hsa-miR-633",-3.3219311,-3.207091,-3.0736556
"hsa-miR-634",-3.3219311,-3.207091,-3.0736556
"hsa-miR-635",-3.3219311,-3.207091,-3.0736556
"hsa-miR-636",-2.0081477,-3.207091,1.8040142
"hsa-miR-637",-3.3219311,-3.207091,-3.0736556
"hsa-miR-638",11.078675,10.816939,10.816939
"hsa-miR-639",-3.3219311,-3.207091,-3.0736556
"hsa-miR-640",-3.3219311,-3.207091,-3.0736556
"hsa-miR-641",-3.3219311,-3.207091,-3.0736556
"hsa-miR-642a-3p",10.662257,11.078675,10.996398
"hsa-miR-642a-5p",-3.3219311,-3.207091,-3.0736556
"hsa-miR-642b-3p",7.242155,7.7880306,7.270251
"hsa-miR-642b-5p",-3.3219311,-3.207091,-3.0736556
"hsa-miR-643",-3.3219311,-3.207091,-3.0736556
"hsa-miR-644a",-3.3219311,-3.207091,-3.0736556
"hsa-miR-645",-3.3219311,-3.207091,-3.0736556
"hsa-miR-646",-3.3219311,-3.207091,-3.0736556
"hsa-miR-647",-3.3219311,-3.207091,-3.0736556
"hsa-miR-648",-3.3219311,-3.207091,-3.0736556
"hsa-miR-649",-3.3219311,-3.207091,-3.0736556
"hsa-miR-6499-3p",-3.3219311,-3.207091,-3.0736556
"hsa-miR-6499-5p",-3.3219311,-3.207091,-3.0736556
"hsa-miR-650",-3.3219311,-3.207091,-3.0736556
"hsa-miR-6500-3p",-3.3219311,-3.207091,-3.0736556
"hsa-miR-6500-5p",3.8360605,3.509763,-3.0736556
"hsa-miR-6501-3p",-3.3219311,-3.207091,-3.0736556
"hsa-miR-6501-5p",-3.3219311,-3.207091,-3.0736556
"hsa-miR-6502-3p",-3.3219311,-3.207091,-3.0736556
"hsa-miR-6502-5p",-3.3219311,-3.207091,-3.0736556
"hsa-miR-6503-3p",-3.3219311,-3.207091,-3.0736556
"hsa-miR-6503-5p",-3.3219311,-3.207091,-3.0736556
"hsa-miR-6504-3p",-3.3219311,-3.207091,-3.0736556
"hsa-miR-6504-5p",-3.3219311,-3.207091,-3.0736556
"hsa-miR-6505-3p",-3.3219311,-3.207091,-3.0736556
"hsa-miR-6505-5p",-3.3219311,-3.207091,-3.0736556
"hsa-miR-6506-3p",-3.3219311,-3.207091,-3.0736556
"hsa-miR-6506-5p",-3.3219311,-3.207091,-3.0736556
"hsa-miR-6507-3p",-3.3219311,-3.207091,-3.0736556
"hsa-miR-6507-5p",-3.3219311,-3.207091,-3.0736556
"hsa-miR-6508-3p",-3.3219311,-3.207091,-3.0736556
"hsa-miR-6508-5p",-3.3219311,-3.207091,-3.0736556
"hsa-miR-6509-3p",-3.3219311,-3.207091,-3.0736556
"hsa-miR-6509-5p",-3.3219311,-3.207091,-3.0736556
"hsa-miR-651",-3.3219311,-3.207091,-3.0736556
"hsa-miR-6510-3p",-3.3219311,-3.207091,-3.0736556
"hsa-miR-6510-5p",8.257961,8.722046,8.562781
"hsa-miR-6511a-3p",-3.3219311,-3.207091,-3.0736556
"hsa-miR-6511a-5p",0.5120301,-3.207091,-3.0736556
"hsa-miR-6511b-3p",-3.3219311,-3.207091,-3.0736556
"hsa-miR-6511b-5p",0.15113251,-3.207091,-3.0736556
"hsa-miR-6512-3p",-3.3219311,-3.207091,-3.0736556
"hsa-miR-6512-5p",2.007399,-3.207091,-3.0736556
"hsa-miR-6513-3p",-3.3219311,-3.207091,-3.0736556
"hsa-miR-6513-5p",-3.3219311,-3.207091,-3.0736556
"hsa-miR-6514-3p",-3.3219311,-3.207091,-3.0736556
"hsa-miR-6514-5p",-3.3219311,-3.207091,-3.0736556
"hsa-miR-6515-3p",0.28996348,2.3408113,-3.0736556
"hsa-miR-6515-5p",-3.3219311,-3.207091,-3.0736556
"hsa-miR-652-3p",-1.7543497,-3.207091,-3.0736556
"hsa-miR-652-5p",3.6895773,4.10977,3.5704665
"hsa-miR-653",-3.3219311,-3.207091,-3.0736556
"hsa-miR-654-3p",-3.3219311,-3.207091,-3.0736556
"hsa-miR-654-5p",-1.5712743,0.04401223,2.3598106
"hsa-miR-655",-3.3219311,-3.207091,-3.0736556
"hsa-miR-656",-3.3219311,-3.207091,-3.0736556
"hsa-miR-657",-3.3219311,-3.207091,-3.0736556
"hsa-miR-658",-3.3219311,-3.207091,-3.0736556
"hsa-miR-659-3p",3.3235905,3.6736429,2.9474323
"hsa-miR-659-5p",-3.3219311,-3.207091,-3.0736556
"hsa-miR-660-3p",-3.3219311,-3.207091,-3.0736556
"hsa-miR-660-5p",0.17713563,-3.207091,-3.0736556
"hsa-miR-661",-3.3219311,-3.207091,-3.0736556
"hsa-miR-662",-3.3219311,-3.207091,-3.0736556
"hsa-miR-663a",5.479895,4.799108,4.0262055
"hsa-miR-663b",-1.393148,0.46562943,-3.0736556
"hsa-miR-664a-3p",-3.3219311,-3.207091,-3.0736556
"hsa-miR-664a-5p",-3.3219311,-3.207091,-3.0736556
"hsa-miR-664b-3p",-3.3219311,-3.207091,-3.0736556
"hsa-miR-664b-5p",-3.3219311,-3.207091,-3.0736556
"hsa-miR-665",-1.5927289,-0.117373474,-3.0736556
"hsa-miR-668",-3.3219311,-3.207091,-3.0736556
"hsa-miR-670",-3.3219311,-3.207091,-3.0736556
"hsa-miR-671-3p",-3.3219311,-3.207091,-3.0736556
"hsa-miR-671-5p",6.938893,7.566932,7.7619143
"hsa-miR-6715a-3p",-3.3219311,-3.207091,-3.0736556
"hsa-miR-6715b-3p",-3.3219311,-3.207091,-3.0736556
"hsa-miR-6715b-5p",-3.3219311,-3.207091,-3.0736556
"hsa-miR-6716-3p",-3.3219311,-3.207091,-3.0736556
"hsa-miR-6716-5p",2.090471,2.3218508,2.007399
"hsa-miR-6717-5p",3.9112446,3.4206,3.6386797
"hsa-miR-6718-5p",-3.3219311,-3.207091,-3.0736556
"hsa-miR-6719-3p",-3.3219311,-3.207091,-3.0736556
"hsa-miR-6720-3p",-3.3219311,-3.207091,-3.0736556
"hsa-miR-6721-5p",-3.3219311,-3.207091,-3.0736556
"hsa-miR-6722-3p",7.566932,7.05753,6.2305045
"hsa-miR-6722-5p",-3.3219311,0.3916119,-3.0736556
"hsa-miR-6723-5p",5.9772625,6.454773,5.379498
"hsa-miR-6724-5p",9.070681,9.012553,9.22728
"hsa-miR-675-3p",-3.3219311,-3.207091,-3.0736556
"hsa-miR-675-5p",-3.3219311,-3.207091,-3.0736556
"hsa-miR-676-3p",-3.3219311,-3.207091,-3.0736556
"hsa-miR-676-5p",-3.3219311,-3.207091,-3.0736556
"hsa-miR-7-1-3p",-3.3219311,-3.207091,-3.0736556
"hsa-miR-7-2-3p",-3.3219311,-3.207091,-3.0736556
"hsa-miR-7-5p",-3.3219311,-3.207091,-3.0736556
"hsa-miR-708-3p",-3.3219311,-3.207091,-3.0736556
"hsa-miR-708-5p",2.1327376,-0.07176152,-3.0736556
"hsa-miR-711",2.2620194,2.6147668,2.6884341
"hsa-miR-718",6.496754,6.900331,6.5704665
"hsa-miR-744-3p",-3.3219311,-3.207091,-3.0736556
"hsa-miR-744-5p",-3.3219311,-3.207091,-3.0736556
"hsa-miR-758-3p",-3.3219311,-3.207091,-3.0736556
"hsa-miR-758-5p",-3.3219311,-3.207091,-3.0736556
"hsa-miR-759",-3.3219311,-3.207091,-3.0736556
"hsa-miR-760",0.16114978,-3.207091,-3.0736556
"hsa-miR-761",-3.3219311,-3.207091,-3.0736556
"hsa-miR-762",9.112738,8.805987,7.9950275
"hsa-miR-764",-3.3219311,-3.207091,-3.0736556
"hsa-miR-765",4.486861,4.6530666,5.456847
"hsa-miR-766-3p",1.8278722,2.2525213,2.7506144
"hsa-miR-766-5p",-3.3219311,-3.207091,-3.0736556
"hsa-miR-767-3p",-3.3219311,-3.207091,-3.0736556
"hsa-miR-767-5p",-3.3219311,-3.207091,-3.0736556
"hsa-miR-769-3p",0.6337757,0.6337757,1.8491573
"hsa-miR-769-5p",-3.3219311,-3.207091,-3.0736556
"hsa-miR-770-5p",-3.3219311,-3.207091,-3.0736556
"hsa-miR-802",-3.3219311,-3.207091,-3.0736556
"hsa-miR-873-3p",-3.3219311,-3.207091,-3.0736556
"hsa-miR-873-5p",-3.3219311,-3.207091,-3.0736556
"hsa-miR-874",3.7168727,3.3974795,2.6670117
"hsa-miR-875-3p",-3.3219311,-3.207091,-3.0736556
"hsa-miR-875-5p",-3.3219311,-3.207091,-3.0736556
"hsa-miR-876-3p",-3.3219311,-3.207091,-3.0736556
"hsa-miR-876-5p",-3.3219311,-3.207091,-3.0736556
"hsa-miR-877-3p",-1.7721386,-0.1578794,1.8040142
"hsa-miR-877-5p",4.1384788,4.1384788,2.8691173
"hsa-miR-885-3p",-3.3219311,-3.207091,-3.0736556
"hsa-miR-885-5p",-3.3219311,-3.207091,-3.0736556
"hsa-miR-887",2.3598106,3.1970615,2.285926
"hsa-miR-888-3p",-3.3219311,-3.207091,-3.0736556
"hsa-miR-888-5p",-3.3219311,-3.207091,-3.0736556
"hsa-miR-889",-3.3219311,-3.207091,-3.0736556
"hsa-miR-890",-3.3219311,-3.207091,-3.0736556
"hsa-miR-891a",-3.3219311,-3.207091,-3.0736556
"hsa-miR-891b",-3.3219311,-3.207091,-3.0736556
"hsa-miR-892a",-3.3219311,-3.207091,-3.0736556
"hsa-miR-892b",-3.3219311,-3.207091,-3.0736556
"hsa-miR-892c-3p",-3.3219311,-3.207091,-3.0736556
"hsa-miR-892c-5p",-3.3219311,-3.207091,-3.0736556
"hsa-miR-9-3p",-3.3219311,-3.207091,-3.0736556
"hsa-miR-9-5p",-3.3219311,-3.207091,-3.0736556
"hsa-miR-920",-3.3219311,-3.207091,-3.0736556
"hsa-miR-921",-3.3219311,-3.207091,-3.0736556
"hsa-miR-922",-3.3219311,-3.207091,-3.0736556
"hsa-miR-924",-3.3219311,-3.207091,-3.0736556
"hsa-miR-92a-1-5p",-3.3219311,-3.207091,-3.0736556
"hsa-miR-92a-2-5p",-3.3219311,-3.207091,-3.0736556
"hsa-miR-92a-3p",8.407697,8.562781,8.868479
"hsa-miR-92b-3p",-3.3219311,-3.207091,-3.0736556
"hsa-miR-92b-5p",-3.3219311,-3.207091,-3.0736556
"hsa-miR-93-3p",-3.3219311,-3.207091,-3.0736556
"hsa-miR-93-5p",3.701857,3.6179633,4.486861
"hsa-miR-933",-3.3219311,-3.207091,-3.0736556
"hsa-miR-934",-3.3219311,-3.207091,-3.0736556
"hsa-miR-935",-3.3219311,-3.207091,-3.0736556
"hsa-miR-936",3.9052165,3.9770072,3.6546688
"hsa-miR-937-3p",-3.3219311,-3.207091,-3.0736556
"hsa-miR-937-5p",7.270251,6.8569593,6.1081667
"hsa-miR-938",-3.3219311,-3.207091,-3.0736556
"hsa-miR-939-3p",-3.3219311,-3.207091,-3.0736556
"hsa-miR-939-5p",6.7048345,6.496754,6.5158176
"hsa-miR-940",6.3069415,6.7048345,7.2052646
"hsa-miR-941",-3.3219311,-3.207091,-3.0736556
"hsa-miR-942",-3.3219311,-3.207091,-3.0736556
"hsa-miR-943",-3.3219311,-3.207091,-3.0736556
"hsa-miR-944",-3.3219311,-3.207091,-3.0736556
"hsa-miR-95",-3.3219311,-3.207091,-3.0736556
"hsa-miR-96-3p",-3.3219311,-3.207091,-3.0736556
"hsa-miR-96-5p",-3.3219311,-3.207091,-3.0736556
"hsa-miR-98-3p",-3.3219311,-3.207091,-3.0736556
"hsa-miR-98-5p",-3.3219311,-3.207091,-3.0736556
"hsa-miR-99a-3p",-3.3219311,-3.207091,-3.0736556
"hsa-miR-99a-5p",-3.3219311,-3.207091,-3.0736556
"hsa-miR-99b-3p",-3.3219311,-3.207091,-3.0736556
"hsa-miR-99b-5p",-3.3219311,-3.207091,-3.0736556
