"","logFC","AveExpr","t","P.Value","adj.P.Val","B"
"hsa-miR-1281",1.8498846758054,4.41529148666487,3.33751232676103,0.00358046803146557,0.135834005943725,-1.74253307632022
"hsa-miR-1825",1.33069353300811,1.71450936305757,1.55693326511484,0.136524117432105,0.593534702110898,-4.8368467296691
"hsa-miR-574-5p",1.16925522032528,7.81521200698579,3.23129986825558,0.00453453997581249,0.144866619227273,-1.95095167357479
"hsa-miR-483-3p",1.07873759294522,0.258111699515498,1.3315875222051,0.199262469481609,0.648594929523819,-5.12235926641109
"hsa-miR-193a-5p",1.07391251648107,2.67561085806697,1.60063872398224,0.126490899522034,0.58696696309363,-4.77754589331391
"hsa-miR-4298",0.983308651367813,8.35473637867778,3.13152130990728,0.00565536139478004,0.167844848548438,-2.14548335961692
"hsa-miR-3141",0.858484046699566,7.10745843540987,2.68911492422495,0.0148026147466841,0.263966263581078,-2.98692080283466
"hsa-miR-548d-5p",0.690352747780114,-0.354626469793912,1.32231726871979,0.202269513266163,0.648594929523819,-5.13334373608559
"hsa-miR-4270",0.644187280533343,8.43656396467203,1.75518632723939,0.0958677799146497,0.524249931605337,-4.55837941136601
"hsa-miR-378c",0.631546913480482,4.17151007695624,1.26789866580436,0.22064835854006,0.653493302693833,-5.19655626171608
"hsa-miR-3149",0.61486826580153,0.436639567349203,3.4116396742677,0.003034538225428,0.131568907345342,-1.59639359347456
"hsa-miR-532-5p",0.587563106297976,4.63794236713855,1.02152664689634,0.320252673932676,0.739113174326711,-5.45437203911115
"hsa-miR-1249",0.586837974075628,3.00998173598316,2.27668319881209,0.0349692985051144,0.345230303306418,-3.72481979862618
"hsa-miR-502-3p",0.567756782914307,3.14709578180688,1.32002113958548,0.203019829669729,0.648594929523819,-5.13605480886317
"hsa-miR-532-3p",0.554039262102438,2.83981960113863,1.2941997049703,0.211609405697807,0.648721763932166,-5.16627731849665
"hsa-miR-574-3p",0.53598833906071,6.54453832500881,1.66175642601404,0.113508908575301,0.546824662739742,-4.692603817907
"hsa-miR-1207-5p",0.520696517163065,8.75265278091509,1.32117908890059,0.20264116741922,0.648594929523819,-5.13468808090537
"hsa-miR-4286",0.492273632006389,6.6551834470209,0.924542344851813,0.36717434827515,0.760664946767974,-5.54243185691027
"hsa-miR-4284",0.423799185433123,4.64753493798436,1.77287878074312,0.0928085665490434,0.517621841363581,-4.53238628151682
"hsa-miR-940",0.395751913487149,3.87179159351007,2.76966592907715,0.0124554577191399,0.263966263581078,-2.83686843042589
"hsa-miR-362-5p",0.386219269509639,2.95743004547134,0.752220633133447,0.461436224290197,0.831708133698455,-5.6790481187935
"hsa-miR-188-5p",0.369624429874352,4.98617913930102,1.6927157856038,0.107377884925913,0.534248984836306,-4.64870200527457
"hsa-miR-762",0.362087921685498,8.22920912703979,0.840902057812178,0.411200965428531,0.787825059072675,-5.61197284874952
"hsa-miR-361-5p",0.349056502790306,6.78348382703597,0.75415688290499,0.460301000415104,0.831708133698455,-5.67765796450838
"hsa-miR-2861",0.341215676855471,9.91953609455452,0.996147476100164,0.332102742187718,0.750298857687589,-5.47817302827467
"hsa-miR-542-5p",0.334849503343353,0.214533568599986,0.661284855001242,0.516627747088175,0.852155006745984,-5.74053922378149
"hsa-miR-423-5p",0.334193149201511,7.38246442888037,1.56537399459187,0.134536126012328,0.593534702110898,-4.82548944571483
"hsa-miR-1908",0.319928815597317,2.77821011856414,1.122096166822,0.27625554318416,0.703758574544916,-5.35489926375482
"hsa-miR-4281",0.307924387203869,9.06895684913957,0.796384607484998,0.43596677152856,0.809293437125379,-5.646511156326
"hsa-miR-1470",0.305263105616904,-0.753287452147608,3.92997353216265,0.000947416900137047,0.103421110944973,-0.566054271060866
"hsa-miR-502-5p",0.303941913551643,-0.524643129682029,2.12187403193784,0.047672680905293,0.370991247557857,-3.98567035876268
"hsa-miR-1286",0.298091480408187,-0.799206511251164,3.93284085639762,0.000941322472243363,0.103421110944973,-0.560340283788661
"hsa-miR-4260",0.294795134518007,-0.334364899641922,1.06568160347555,0.300356212388695,0.731936909916067,-5.41170424733473
"hsa-miR-3202",0.294626087009458,1.94698429303309,0.643795216242383,0.527654305895258,0.863305023391972,-5.75150544804075
"hsa-miR-297",0.293061873226126,-0.633005668339648,2.33389577113225,0.031124641070211,0.342570562548871,-3.62595561439957
"hsa-miR-508-3p",0.269563118826842,-0.886793562845348,3.82769045213591,0.00119266520035389,0.103421110944973,-0.76990513729644
"hsa-miR-767-5p",0.268416717388073,-0.871509139579778,4.45942403876191,0.000288704582549822,0.103421110944973,0.484328804421987
"hsa-miR-587",0.263419439975524,-0.78777429917992,3.11954757900045,0.00580682342589323,0.167844848548438,-2.16873429389821
"hsa-miR-671-3p",0.262648584785368,0.44169489073952,0.488804176412482,0.630757165110659,0.922259744755724,-5.83632086643384
"hsa-miR-455-3p",0.252636475497112,0.221885386496775,1.13041090259473,0.272827461097706,0.703758574544916,-5.3463126493846
"hsa-miR-1305",0.250570772832406,2.80616138604495,1.16037103514522,0.260736750652645,0.703758574544916,-5.31492175496735
"hsa-miR-4274",0.248910732366913,0.859609031629035,0.602270331443037,0.554346451125524,0.875130903880816,-5.77641741463958
"hsa-miR-4328",0.245720479804437,-0.881556073357832,3.25561696029301,0.00429620731087281,0.144866619227273,-1.90334756541419
"hsa-miR-610",0.244371495999016,2.03634192243065,0.485542603843307,0.633024293139969,0.922259744755724,-5.83786415228927
"hsa-miR-4295",0.243909445368622,-0.833086354568605,3.54906815164044,0.00223084665885402,0.127936040396358,-1.32430330756478
"hsa-miR-638",0.243117725414001,10.26969704035,0.720546053511192,0.480246161880321,0.831708133698455,-5.70131295200818
"hsa-miR-4290",0.241610619269003,-0.331482700316072,0.415007614960301,0.682936601448134,0.937469426000471,-5.86877058068662
"hsa-miR-4326",0.236317501590672,-0.837546148498591,3.0171117670589,0.00727460293870047,0.183986832657966,-2.36672712416565
"hsa-miR-3143",0.230569923753194,-0.779114787781031,4.03591484434248,0.000746460842941906,0.103421110944973,-0.355014417844655
"hsa-miR-206",0.229176949825312,-0.674566233847838,2.00139509823817,0.0603243891640723,0.42905595954309,-4.18131791163089
"hsa-miR-1275",0.224398248811055,6.58557405716336,0.411983663273754,0.685112557840902,0.937469426000471,-5.86998966745471
"hsa-miR-450b-5p",0.223749245036803,-0.716450923846022,2.64103518103129,0.0163987015973815,0.263966263581078,-3.07567459076453
"hsa-miR-4310",0.220523323514131,-0.751502966384853,2.42839043804362,0.0256236779637457,0.304775850410814,-3.46000121739863
"hsa-miR-519d",0.219974059454211,-0.496793174946703,0.445929860958108,0.660852278402771,0.927363603794833,-5.85580361532898
"hsa-miR-4287",0.219030792082253,-0.851955662772419,3.53189057128127,0.00231844554260287,0.127936040396358,-1.35838112414571
"hsa-miR-1257",0.214928656861326,-0.820809434973908,3.74165774258405,0.0014473807889968,0.109820017365132,-0.941319674384716
"hsa-miR-1910",0.213336620163112,0.114371315084112,1.04937756387323,0.307596670519912,0.732164196829465,-5.42764411662875
"hsa-miR-891a",0.213238497592251,-0.846329357644885,2.72525435186832,0.0137015648393278,0.263966263581078,-2.91980312431209
"hsa-miR-934",0.210494336982983,-0.801022289223999,2.88158279718847,0.00977876648962146,0.237428450368009,-2.62581262765031
"hsa-miR-580",0.210308955127999,-0.849498611644503,3.45333645975717,0.00276441288119468,0.131568907345342,-1.51398219250232
"hsa-miR-1537",0.20672705781788,-0.792074903959066,2.67820544591612,0.0151512418641299,0.263966263581078,-3.00711432027051
"hsa-miR-595",0.205448269259087,0.780219305562468,0.378416572333853,0.709453047486781,0.939658944061381,-5.88293407066884
"hsa-miR-608",0.202677600460513,-0.837059260649951,3.37856807251845,0.00326715236206528,0.132210765584909,-1.66165503663638
"hsa-miR-3182",0.201374187318083,-0.895553933683287,4.09541850947856,0.000652959791217568,0.103421110944973,-0.236590583139369
"hsa-miR-636",0.201312229571328,0.811708895918178,0.421409197551769,0.678339615623462,0.937469426000471,-5.86616099864138
"hsa-miR-3153",0.201208236827079,-0.867276863464376,2.65891500252933,0.0157869166479992,0.263966263581078,-3.04274264176342
"hsa-miR-1260b",0.198479302324621,5.16556140172473,0.496176965847869,0.625646199345267,0.922259744755724,-5.83279524458535
"hsa-miR-423-3p",0.195757951461908,4.12930447294585,1.50238795365358,0.1499699021819,0.615079260975765,-4.90911908714185
"hsa-miR-3134",0.194875692464476,-0.850517200414674,2.24474987178261,0.0373016288716789,0.345230303306418,-3.77944286642643
"hsa-miR-342-5p",0.192919597513949,3.76329352334239,0.2633334835227,0.79522068049959,0.94946160690924,-5.91907124554919
"hsa-miR-525-5p",0.192426379886785,-0.878334007639567,3.0752062087593,0.00640291380435385,0.176662212692854,-2.25464759564527
"hsa-miR-4252",0.191569359037968,-0.664689005132591,1.56220909952859,0.135278676679425,0.593534702110898,-4.82975330385326
"hsa-miR-566",0.191287132411829,-0.342799503378294,0.584617695293019,0.565906973043672,0.887311540085293,-5.78652565687246
"hsa-miR-586",0.19113043658839,-0.864174507100023,3.27417556560796,0.00412261771773688,0.144866619227273,-1.86696952916614
"hsa-miR-575",0.190781298711405,3.73591078575139,0.968435305060708,0.345388799578408,0.758581615726056,-5.50355194325777
"hsa-miR-1197",0.189417711099548,-0.785894520327131,2.68156793361043,0.015042963464032,0.263966263581078,-3.000893720668
"hsa-miR-4263",0.187218044117446,-0.820309182911718,2.69021882930366,0.0147677670812949,0.263966263581078,-2.98487570240409
"hsa-miR-3201",0.180639836341092,-0.474323126771807,0.934715309266668,0.362044166869786,0.7595008112101,-5.5335655193276
"hsa-miR-34c-3p",0.179644158237488,-0.67916597839435,2.23180102944458,0.0382875875584022,0.346874114148509,-3.80147504960288
"hsa-miR-875-3p",0.177022590684978,-0.868429938525474,1.9837390383508,0.0624130559653812,0.431327491046436,-4.20940766045894
"hsa-miR-3144-5p",0.176734093178247,-0.855788363471268,2.63608632459657,0.0165719760823798,0.263966263581078,-3.08477393065579
"hsa-miR-3196",0.176410720545451,8.55625797069089,0.443469207609596,0.662598323884928,0.927363603794833,-5.85686883263131
"hsa-miR-646",0.174378314853421,-0.879411006885566,2.30478551971581,0.0330290019275779,0.342570562548871,-3.67641625433896
"hsa-miR-515-3p",0.174148337162901,-0.924647281718191,2.55946181602031,0.0194867644437772,0.263966263581078,-3.22476112565969
"hsa-miR-3130-3p",0.171163066896026,-0.64594455580112,1.24703429592835,0.228029934618559,0.655445510481374,-5.22020987549082
"hsa-miR-3164",0.169688734104168,-0.816578629315263,1.7435137474961,0.0979336178118547,0.526068194794653,-4.57542966554115
"hsa-miR-1206",0.168635679738205,-0.895224702884455,2.68721477225431,0.0148627817022469,0.263966263581078,-2.990440277429
"hsa-miR-296-3p",0.168465997141599,-0.585879241975989,1.25454485151204,0.225351114335356,0.65448864306967,-5.21173283308658
"hsa-miR-765",0.166317768592005,3.72273368364422,1.32472694771993,0.201484447016932,0.648594929523819,-5.13049447007114
"hsa-miR-421",0.165936249439368,2.9661484672888,0.785184503764147,0.442341605134176,0.811182339324607,-5.65492625931687
"hsa-miR-1193",0.165148397622819,-0.699154982900122,1.77319746369744,0.0927542494234416,0.517621841363581,-4.53191644122289
"hsa-miR-922",0.163963518485848,-0.804083978868783,2.56400162994096,0.0193013452606398,0.263966263581078,-3.21651564290934
"hsa-miR-1321",0.162838625303044,0.852198629756175,0.369754529394656,0.715787971745426,0.939658944061381,-5.88609893282159
"hsa-miR-4301",0.160142055328848,-0.871176253068884,2.48099968608607,0.0229694076095287,0.278848608379678,-3.36625353152276
"hsa-miR-129-5p",0.159725905916247,-0.733993836601398,1.4891056391817,0.153404906110388,0.616801764326057,-4.92642036516226
"hsa-miR-889",0.159242961838887,-0.80930509942666,2.03540515326505,0.0564771032133256,0.426674713962225,-4.12678163109798
"hsa-miR-711",0.157530868904459,1.77228891987439,0.350853710358837,0.729684217916031,0.940265552617795,-5.89275418695219
"hsa-miR-3185",0.155205040997075,1.21297413904577,0.23111968854311,0.819773058037221,0.94946160690924,-5.92688515498233
"hsa-miR-125a-5p",0.154141311080267,3.55473745447385,0.252068027505519,0.803783363637219,0.94946160690924,-5.92191877864058
"hsa-miR-649",0.153978652091442,-0.880137443157098,2.60352994746456,0.0177559575490586,0.263966263581078,-3.14446135427044
"hsa-miR-3144-3p",0.153271432135211,-0.846231937163139,2.41602054051504,0.0262881906541343,0.304775850410814,-3.48190684516855
"hsa-miR-556-3p",0.153264019375288,-0.873859853016263,2.18309276538193,0.0422147666687675,0.358380022130591,-3.88372940000911
"hsa-miR-4282",0.153216394157424,-0.87362164281306,2.31363386456239,0.0324390228210867,0.342570562548871,-3.66111244339771
"hsa-miR-492",0.153156706788111,-0.837138371578756,2.24162505068732,0.0375373970646187,0.345230303306418,-3.7847659380699
"hsa-miR-3179",0.151492905829986,-0.839978952972296,2.55745745824232,0.0195691628684489,0.263966263581078,-3.22839956760583
"hsa-miR-3176",0.150833820366512,-0.772027081716719,1.40012894938663,0.178115670093907,0.648594929523819,-5.03923006509549
"hsa-miR-551a",0.150805636952173,-0.793903385976841,1.77648445490438,0.0921956167258233,0.517621841363581,-4.52706699149135
"hsa-miR-2276",0.150283154012554,3.22370052145465,0.262952704126781,0.795509675385038,0.94946160690924,-5.91916951067554
"hsa-miR-582-3p",0.150169345300619,-0.80322258517262,1.85398914297785,0.0798469491121749,0.488202551554819,-4.41096689143443
"hsa-miR-558",0.149809968993976,-0.89289026266765,2.15354674560659,0.0447733613172545,0.362365737594313,-3.93313361081235
"hsa-miR-3139",0.149380908205342,-0.877806754949566,1.97105719042276,0.0639530052622393,0.431327491046436,-4.22948850798165
"hsa-miR-302f",0.148408056667499,-0.893195146999532,1.90394965094783,0.0726800933661139,0.465335899698545,-4.33439290482612
"hsa-miR-489",0.148230524206424,-0.855359255262344,2.59592159847571,0.0180439932170306,0.263966263581078,-3.15836613121222
"hsa-miR-3171",0.147271220147152,-0.876309154729027,1.83982321433374,0.0819891820264904,0.489272056634883,-4.43243487254801
"hsa-miR-603",0.14708854345287,-0.766713037409634,1.92786762549959,0.0694552319233598,0.458253541059558,-4.29726862109832
"hsa-miR-4253",0.147043909103439,2.31160610370583,0.284239904654145,0.779401444410107,0.94946160690924,-5.91345973235602
"hsa-miR-623",0.147040567420215,2.93988258066171,1.08418556959688,0.292288811896854,0.721463807687801,-5.39335323135317
"hsa-miR-764",0.146168830538993,-0.382895926918155,0.280339900191092,0.782345189403942,0.94946160690924,-5.91453875978342
"hsa-miR-1913",0.145708667070386,-0.588770413408507,1.76707299046354,0.0938029696046028,0.517621841363581,-4.54093571762218
"hsa-miR-4262",0.145549088740591,-0.877579940596492,2.17960519650626,0.0425096566612892,0.358380022130591,-3.88958055266576
"hsa-miR-585",0.145322944564715,-0.857200880106965,2.30975437308434,0.0326964821307629,0.342570562548871,-3.66782598836164
"hsa-miR-579",0.1440417532005,-0.829185226127026,2.12419578458976,0.0474544782802926,0.370991247557857,-3.98183429294996
"hsa-miR-34c-5p",0.143152074094268,-0.91864750734265,2.50641967498726,0.0217815494212424,0.276061464132448,-3.32062734255649
"hsa-miR-216b",0.141685313747739,-0.693497894317334,1.26708337153904,0.220933276540755,0.653493302693833,-5.19748665831088
"hsa-miR-569",0.141403362858692,-0.80699887095712,2.19298399599601,0.0413885790156211,0.358380022130591,-3.86710654345299
"hsa-miR-4308",0.140322936727786,-0.921428686996088,2.60191499904185,0.0178167292401883,0.263966263581078,-3.1474141940828
"hsa-miR-1539",0.140249231663205,-0.534629665872037,0.623206311920243,0.540799703512709,0.875130903880816,-5.76405569691162
"hsa-miR-513b",0.139206230354529,2.31380691930392,1.73029984736509,0.100318602500303,0.534152558927051,-4.59463583028104
"hsa-miR-4300",0.136123187921011,-0.904749853872683,1.83833558442759,0.0822170507030611,0.489272056634883,-4.43468297966181
"hsa-miR-650",0.135675253600011,-0.523207768856794,0.699418658356693,0.493040769357712,0.835965773743382,-5.71566247719517
"hsa-miR-1231",0.135045054954184,-0.430842351277868,1.13628377135209,0.27042519529091,0.703758574544916,-5.34021486516185
"hsa-miR-605",0.134013279237184,-0.333539079614268,0.260605251640967,0.797291958790288,0.94946160690924,-5.91977218613145
"hsa-miR-1912",0.133042749954164,-0.822585122833456,1.46789375738668,0.159024728188905,0.621339471277723,-4.95380494205287
"hsa-miR-184",0.132171512440068,-0.818338017111634,1.69344005342781,0.107237919202297,0.534248984836306,-4.64766804881349
"hsa-miR-548u",0.132099575492886,-0.736715892060254,1.70492152813319,0.105039930530873,0.534248984836306,-4.63123537935777
"hsa-miR-606",0.130797146159238,-0.886812686855008,1.99902959089486,0.0606005371512547,0.42905595954309,-4.1850901870348
"hsa-miR-1225-3p",0.129975373255063,2.55477136206228,1.3114625688276,0.205835903882921,0.648721763932166,-5.14612618772155
"hsa-miR-3186-5p",0.128945370774272,-0.814895270730684,1.78481612376101,0.0907927183643329,0.517621841363581,-4.51474738569898
"hsa-miR-1278",0.127740978674517,-0.689298639335187,0.896691595843021,0.381469171931002,0.771615064299398,-5.56625505590677
"hsa-miR-3192",0.125417566534791,-0.803377974242275,1.93558167738266,0.0684426050486053,0.456534739170367,-4.28523215700799
"hsa-miR-542-3p",0.125275284537149,-0.6861192289275,1.42653342027789,0.170467342424068,0.648594929523819,-5.00632120015655
"hsa-miR-607",0.125178184816526,-0.703801206260608,1.47488172555501,0.157154989669575,0.621339471277723,-4.94481698410335
"hsa-miR-3115",0.124904984215664,-0.911058367062441,1.55355421765951,0.137326815752485,0.593534702110898,-4.84138044797126
"hsa-miR-759",0.123686835457892,-0.892079537705468,1.67727353451115,0.110399594762496,0.536100432166682,-4.67067223011531
"hsa-miR-4311",0.123080960880029,-0.861040752512186,2.26123046444306,0.0360805857375982,0.345230303306418,-3.75130320436287
"hsa-miR-1263",0.12068423545216,-0.749377544383684,1.35825218474045,0.190810165253024,0.648594929523819,-5.09041787596884
"hsa-miR-548b-5p",0.120354286826183,-0.860900268749896,1.85010909494313,0.0804287564340724,0.488202551554819,-4.41685781860626
"hsa-miR-645",0.119097572390989,-0.853831231373277,1.46544115034533,0.159685267741886,0.621339471277723,-4.95695165662074
"hsa-miR-513a-5p",0.117291115278251,3.48654152770964,0.844258156432128,0.409371218793452,0.787825059072675,-5.6092988169162
"hsa-miR-4313",0.116552806490191,1.0686019246661,0.249480771750294,0.805753544449287,0.94946160690924,-5.922555304394
"hsa-miR-943",0.115481846593257,-0.771844976802582,1.39561330699434,0.179450977417395,0.648594929523819,-5.04480931082953
"hsa-miR-3133",0.114467731237372,-0.813288461730018,1.51092811379895,0.147795021833411,0.610282845257689,-4.89793275320288
"hsa-miR-337-3p",0.113576185002596,-0.435100398937217,0.226961194513685,0.822957128918169,0.94946160690924,-5.92782013714101
"hsa-miR-581",0.112695926186069,-0.8617696484407,1.29830643767066,0.210224551182323,0.648721763932166,-5.16150331900702
"hsa-miR-520a-3p",0.111581842905486,-0.876901411809047,1.59980392286077,0.126676560404062,0.58696696309363,-4.7786899668178
"hsa-miR-1262",0.111341910464477,-0.809563845203331,1.62097312995906,0.122038899668125,0.578731344519935,-4.74954271925998
"hsa-miR-548k",0.110626655392595,-0.838225905284055,1.13980384497103,0.268992875353785,0.703758574544916,-5.33654696385638
"hsa-miR-577",0.110449636479261,-0.855935612261229,1.57153270468344,0.13310094247516,0.593534702110898,-4.81717374173374
"hsa-miR-640",0.109011602001942,-0.729686283876385,1.29550255975568,0.21116929121542,0.648721763932166,-5.16476411862759
"hsa-miR-612",0.107969137941511,-0.861225213779125,1.58419944417702,0.13018949280256,0.593534702110898,-4.79999426501551
"hsa-miR-885-5p",0.107946558165645,-0.18957992805193,0.174156237377414,0.863645040523601,0.961181276209043,-5.93822319968129
"hsa-miR-544b",0.106604523031725,-0.938866757215265,1.97442459015083,0.0635408250788789,0.431327491046436,-4.22416427104341
"hsa-miR-648",0.106548994305954,-0.565150089465425,0.813166625257399,0.426522897895848,0.804633664044574,-5.63369513880244
"hsa-miR-519b-3p",0.106268735454929,-0.858304065314221,1.34864647167629,0.193821533382647,0.648594929523819,-5.10198341576924
"hsa-miR-618",0.105747134140529,-0.858459968954893,1.46712537919811,0.159231427633846,0.621339471277723,-4.95479121623955
"hsa-miR-4268",0.105539196641272,-0.878383819135967,1.91472650389187,0.0712109642646162,0.464785540952925,-4.31770240810413
"hsa-miR-1324",0.104745853485108,-0.918689765690344,1.26466922005055,0.221778616729703,0.653493302693833,-5.20023873020528
"hsa-miR-4299",0.103123624223163,3.87566788745525,1.07373505233616,0.296825485497652,0.729445626303945,-5.40375128561043
"hsa-miR-510",0.102294754036926,-0.871473207702124,1.34002745630754,0.196555626680241,0.648594929523819,-5.11230452736087
"hsa-miR-1827",0.101799651114877,-0.803136964200526,1.12106453724977,0.276683083006616,0.703758574544916,-5.35596081333081
"hsa-miR-215",0.101290919457446,-0.438513865577455,0.223059340663488,0.825947571503616,0.94946160690924,-5.92868207182256
"hsa-miR-1205",0.10075840915192,-0.819010984573388,1.20403023244612,0.243843089986132,0.678957594594413,-5.26792686548264
"hsa-miR-1264",0.100686802080054,-0.839093312681874,1.2254057528046,0.2358814965884,0.669583803687046,-5.2443841991459
"hsa-miR-521",0.0990700959332973,-0.568702773865884,0.205571091992801,0.839383834391112,0.94946160690924,-5.93236265389817
"hsa-miR-1224-3p",0.0987075760242849,-0.335011123704617,0.191946832580601,0.849886874555899,0.955335801584131,-5.93502288244021
"hsa-miR-500b",0.0985188937257658,-0.890306434106366,1.2982143454733,0.210255528076668,0.648721763932166,-5.16161051045249
"hsa-miR-567",0.0982850935176519,-0.848856155601205,1.13502421016925,0.270939084942318,0.703758574544916,-5.34152495350784
"hsa-miR-524-3p",0.0971511789230222,-0.836039124353396,1.70490351848059,0.105043347724717,0.534248984836306,-4.63126121687359
"hsa-miR-621",0.0948923919699769,-0.90752534224408,1.70609518056535,0.10481744483643,0.534248984836306,-4.62955118541838
"hsa-miR-140-3p",0.0946511060270545,8.37759642864247,0.481685431783597,0.635710250215137,0.923148616939206,-5.83967628323734
"hsa-miR-1258",0.0933725759715117,-0.86692313761163,1.54290460433032,0.1398824667053,0.597948290775471,-4.85562073058435
"hsa-miR-3147",0.0927913756593339,2.38657213399789,0.349753364384534,0.73049623996269,0.940265552617795,-5.89313103694079
"hsa-miR-1282",0.09277982267828,-0.851057715957479,1.24455387613853,0.228920013545389,0.655445510481374,-5.22300017339824
"hsa-miR-1298",0.0905530795823133,-0.863565064520327,1.39776402364473,0.178813993351913,0.648594929523819,-5.04215380442745
"hsa-miR-890",0.0904195905209693,-0.897235913244062,1.35618556575794,0.191454877916684,0.648594929523819,-5.09291172327284
"hsa-miR-3183",0.0895136684498132,-0.866919328237288,1.4268352443153,0.170381479657417,0.648594929523819,-5.00594222478824
"hsa-miR-3126-3p",0.0894442554333923,-0.858214314625239,1.68774706080669,0.108342327315479,0.534468602812415,-4.65578682439336
"hsa-miR-4324",0.0891567682508855,-0.870685827919812,1.37264745844095,0.186367251476776,0.648594929523819,-5.07296211543968
"hsa-miR-548f",0.0878609437916362,-0.828365359954555,1.68344658998135,0.10918304241967,0.534468602812415,-4.66190682434901
"hsa-miR-449a",0.0875992966774172,-0.89439108699049,1.52293674993687,0.144781056362347,0.606083456634102,-4.88212150491565
"hsa-miR-635",0.0868212807184713,-0.803651015680332,1.27247401745143,0.219054718378607,0.653493302693833,-5.19132578182053
"hsa-miR-193a-3p",0.0860677907363948,-0.790903774589799,1.14486907012624,0.266941741974985,0.703758574544916,-5.33125193212674
"hsa-miR-3116",0.085229265743697,-0.90827352615514,1.76841897324341,0.0935716123589189,0.517621841363581,-4.53895537818768
"hsa-miR-921",0.0850999305786396,-0.798064166092102,1.4145913440307,0.173892877031696,0.648594929523819,-5.02126518508242
"hsa-miR-1267",0.0845772968313674,-0.760320240646246,1.15575321547006,0.262573734831826,0.703758574544916,-5.31980593464557
"hsa-miR-1272",0.0833093702985572,-0.85309973023473,1.21136680768022,0.241087731989422,0.677501172766571,-5.25988576038628
"hsa-miR-578",0.0824240394270755,-0.840688967108723,1.16659559378559,0.258275859902605,0.703758574544916,-5.30831185301299
"hsa-miR-553",0.0806624202969455,-0.831131570921022,1.15159916826942,0.264234483926787,0.703758574544916,-5.32418535981725
"hsa-miR-3146",0.0805184306173591,-0.816082621545419,1.05502602179011,0.305074198037504,0.731936909916067,-5.42214624052301
"hsa-miR-548n",0.0798143213980171,-0.875313709138581,1.39535534235011,0.179527502114233,0.648594929523819,-5.04512760355972
"hsa-miR-1302",0.0791857678981011,-0.859611253746819,0.946482579127479,0.356170939838428,0.758581615726056,-5.52320043550962
"hsa-miR-4258",0.0785300972877351,-0.634429372996705,1.30912273819801,0.206611118200114,0.648721763932166,-5.14887029556625
"hsa-miR-507",0.0779998935483203,-0.883406550680946,1.186877174912,0.250378537686199,0.693971563358551,-5.28656604308001
"hsa-miR-199b-5p",0.0778852575590514,-0.680960676363145,0.62169707471873,0.541770242021335,0.875130903880816,-5.76496034575459
"hsa-miR-892a",0.0776273960252278,-0.897920447284721,1.22191678588341,0.237167245128031,0.669583803687046,-5.24825066043167
"hsa-miR-518a-5p",0.0766521637306284,-0.368001464388561,0.26979358033119,0.790322421205034,0.94946160690924,-5.9173826405974
"hsa-miR-548w",0.0755044415529953,-0.817458726412199,1.02074281704617,0.320614126568533,0.739113174326711,-5.4551150719558
"hsa-miR-548s",0.075342554991593,-0.881837199604765,1.32387636694198,0.201761288477866,0.648594929523819,-5.13150070044195
"hsa-miR-125a-3p",0.0752749645185355,3.78160298310366,0.446429107167159,0.660498263670639,0.927363603794833,-5.85558678868039
"hsa-miR-1469",0.0747630102401073,5.52463455274525,0.149384160628063,0.882876149559136,0.967705224584515,-5.94216298609878
"hsa-miR-1253",0.0738374706013918,-0.916040151987828,1.03974627524553,0.31193219799076,0.732164196829465,-5.4369587562487
"hsa-miR-455-5p",0.0730821439089413,-0.904055894359745,1.22296428093272,0.236780661645011,0.669583803687046,-5.24709080138617
"hsa-miR-944",0.072779560544172,-0.963752895652949,1.10083071006114,0.28516752682412,0.715275573480333,-5.37661068213597
"hsa-miR-520d-3p",0.0710745746338104,-0.848732350529238,0.962225176998923,0.34841583563219,0.758581615726056,-5.50915126977659
"hsa-miR-514b-3p",0.071069442763143,-0.835585977706174,0.985514013673368,0.337157911758772,0.75440605415031,-5.48798680054829
"hsa-miR-637",0.069935454415286,-0.830438679504277,1.01794000885098,0.321908965993152,0.739113174326711,-5.45776786658927
"hsa-miR-2110",0.0692546564948415,2.15351622050765,0.505277805296529,0.619364112177988,0.919202973330168,-5.8283725673502
"hsa-miR-4309",0.0692513590621592,-0.438980416309021,0.204025748094445,0.840573633961344,0.94946160690924,-5.93267351830133
"hsa-miR-301b",0.0682718930856903,-0.829619368459048,0.949436722945359,0.35470675060128,0.758581615726056,-5.5205799595712
"hsa-miR-1976",0.0678993700091955,-0.304293033444915,0.120970163378784,0.905026281280885,0.968872932517631,-5.94594083621055
"hsa-miR-4302",0.067389167812119,-0.86247350136962,1.32434224779689,0.201609619448619,0.648594929523819,-5.13094963216569
"hsa-miR-519c-3p",0.0660692559564449,-0.923576083236233,0.879616849429331,0.390413707666953,0.779543159716581,-5.58053246895222
"hsa-miR-653",0.0650443790215207,-0.896685648425265,0.904125098030825,0.377618037856504,0.769174996573484,-5.55996128118989
"hsa-miR-4267",0.0634874752933409,-0.731949262509781,0.912976948569346,0.373066057203691,0.763302426704375,-5.55240504397206
"hsa-miR-448",0.0621120147001564,-0.939008319176425,0.862720824779063,0.399399439054294,0.787825059072675,-5.59441335975841
"hsa-miR-4269",0.0613665624868172,0.329169492208828,0.123327060387474,0.903185651560534,0.968872932517631,-5.94565761383838
"hsa-miR-3167",0.0607798059639758,-0.909165098563414,0.93132503908736,0.363748437009582,0.7595008112101,-5.53653008287605
"hsa-miR-4307",0.0605710307491935,-0.836663121112165,0.763600126572978,0.454788731408622,0.83149626495492,-5.67083017165277
"hsa-miR-516a-3p",0.0590360058479049,-0.832018677341475,0.979248829128282,0.340161359548557,0.756329469765474,-5.49372500484505
"hsa-miR-554",0.0586456510825207,-0.86427237511163,0.725173031065135,0.477470464644655,0.831708133698455,-5.69811666849472
"hsa-miR-938",0.0584371759403217,-0.878222056457618,0.814324393965262,0.425876173024581,0.804633664044574,-5.63280184863354
"hsa-miR-1279",0.0583868035338067,-0.91410521540705,0.717317596679395,0.482188526174307,0.831708133698455,-5.7035317389085
"hsa-miR-515-5p",0.0581909538126361,-0.853957142041153,0.861238141080054,0.400194355682683,0.787825059072675,-5.59561968275875
"hsa-miR-1322",0.0579957844546741,-0.854333464412968,0.970362254274595,0.344453238100788,0.758581615726056,-5.50180795657929
"hsa-miR-3199",0.0576624784865638,-0.848771332236161,0.874873893468573,0.39292260738578,0.781980402239896,-5.584453901825
"hsa-miR-548v",0.0575980875441289,-0.850713866217853,0.786896572903959,0.441363410069473,0.811182339324607,-5.65364708814865
"hsa-miR-1261",0.0570813204675508,-0.475625414531788,0.170991106237215,0.866097597118334,0.961181276209043,-5.93876009669355
"hsa-miR-935",0.0557120474373342,-0.780192058649701,0.796205232407844,0.436068413621104,0.809293437125379,-5.64664680099326
"hsa-miR-548a-5p",0.0544696411779299,-0.883506376024336,0.729131283973242,0.47510349439033,0.831708133698455,-5.69536706366325
"hsa-miR-941",0.05417607440631,1.17934056622657,0.108505422938443,0.914769621674276,0.9743529349335,-5.94734795694293
"hsa-miR-1538",0.0540181637420586,-0.780104473665517,0.798234345937826,0.434919488698178,0.809293437125379,-5.64511071637178
"hsa-miR-4254",0.0533791158392515,-0.717695945807473,0.669801365567989,0.511305566516058,0.852155006745984,-5.73509812807252
"hsa-miR-632",0.0528510894635588,-0.889853701566701,0.809803708372013,0.428404924542278,0.804633664044574,-5.63628316252025
"hsa-miR-504",0.0521697101860348,-0.744521757100537,0.397852803606091,0.695318044327954,0.937469426000471,-5.87557049718645
"hsa-miR-520g",0.0519323208357778,-0.933069107006332,0.708886706498745,0.487282634606897,0.831708133698455,-5.70928166797336
"hsa-miR-562",0.0518510535532746,-0.908123607060812,0.855217284397253,0.403432914107882,0.787825059072675,-5.60049873340093
"hsa-miR-512-3p",0.051809842250269,-0.66908805084943,0.612340344259759,0.547808181020387,0.875130903880816,-5.77052201366347
"hsa-miR-520h",0.0512427491407774,-0.882019309121704,0.652899644386212,0.521898122516972,0.856659625807078,-5.74583176204767
"hsa-miR-4288",0.0509801287848145,-0.633285257731996,0.536470445499191,0.598062287786568,0.914417654122033,-5.81262292434676
"hsa-miR-147b",0.0508948570972287,-0.833841504244673,0.67564417256828,0.507672258180625,0.848917522632615,-5.73132701160638
"hsa-miR-615-5p",0.0506254274575749,-0.810750220765366,0.550503437182876,0.588597775959481,0.906799111693921,-5.80523992653164
"hsa-miR-876-5p",0.0500792888755566,-0.885097800525296,0.633462247335258,0.534229482678688,0.871713161252591,-5.75785271206212
"hsa-miR-1251",0.0497157002541859,-0.864714261970773,0.606158024458526,0.551817348870977,0.875130903880816,-5.77415249837369
"hsa-miR-325",0.0489519514795738,-0.837078951404133,0.615886084318849,0.545515863724854,0.875130903880816,-5.76842391110372
"hsa-miR-4283",0.0478304586677947,-0.807656419189928,0.490524012024049,0.629563215133784,0.922259744755724,-5.83550304118896
"hsa-miR-631",0.0477993853359211,-0.295733501495609,0.0980126470022662,0.922982368249459,0.977107848421986,-5.94841411924618
"hsa-miR-369-3p",0.0468733436523449,-0.882587088649422,0.709324106324446,0.487017576856357,0.831708133698455,-5.70898493445946
"hsa-miR-619",0.0466740505750751,-0.920419312300841,0.728290807549379,0.475605501472203,0.831708133698455,-5.69595207839545
"hsa-miR-4251",0.0460377749520297,-0.768007100180683,0.846627454293071,0.40808264050416,0.787825059072675,-5.60740513416204
"hsa-miR-412",0.0456930996789137,-0.769610310629102,0.601165124067645,0.555066553532313,0.875130903880816,-5.77705874283565
"hsa-miR-490-3p",0.0455133631559235,-0.890679776899457,0.85391274076557,0.40413685049369,0.787825059072675,-5.60155173885851
"hsa-miR-1204",0.0448976668920544,-0.831633913893398,0.652450415683605,0.522181320508433,0.856659625807078,-5.746113490754
"hsa-miR-617",0.0445893880518806,-0.802220015667068,0.528378676341723,0.603553596499173,0.918188052819543,-5.81679633324866
"hsa-miR-1283",0.0442843480403202,-0.79380960958255,0.850131768950479,0.406181570733332,0.787825059072675,-5.60459533146479
"hsa-miR-548a-3p",0.0438886577470132,-0.587208511655559,0.378191028666194,0.709617724063799,0.939658944061381,-5.88301739196687
"hsa-miR-4277",0.0433089306285943,-0.852869586776093,0.608428716625501,0.55034301649672,0.875130903880816,-5.77282316481881
"hsa-miR-1471",0.0421999825586941,3.20150066451239,0.396535853089551,0.696272253931302,0.937469426000471,-5.87608087436111
"hsa-miR-4315",0.0418353383898593,-0.925668631006519,0.603888206083905,0.55329321186903,0.875130903880816,-5.77547656012225
"hsa-miR-4329",0.0411981128302387,-0.85135685952763,0.448701095939939,0.658888240290847,0.927363603794833,-5.85459705170661
"hsa-miR-4293",0.0410880134951453,-0.878967473869736,0.443642209240733,0.662475499230206,0.927363603794833,-5.85679412846423
"hsa-miR-655",0.0405709687630129,-0.901009571655765,0.734154028562238,0.472110039994653,0.831708133698455,-5.69185775974994
"hsa-miR-190b",0.040512284523585,-0.833036146090714,0.498179004867599,0.624261688982376,0.922259744755724,-5.831829025992
"hsa-miR-634",0.0405011467809877,-0.833508217876853,0.42806619121945,0.673572937254009,0.93560359934367,-5.86340580273443
"hsa-miR-563",0.0402279820630645,-0.839181519298526,0.491940189105899,0.628580858517842,0.922259744755724,-5.83482751626288
"hsa-miR-219-1-3p",0.0401045901031847,-0.895055930791741,0.677775101745857,0.506350816555113,0.848917522632615,-5.72994391826009
"hsa-miR-514b-5p",0.0394837564479444,2.69071919931802,0.290660304993456,0.774562767892938,0.94946160690924,-5.9116512146751
"hsa-miR-2052",0.0393755954592367,-0.83799677846146,0.458193917498002,0.652179826155123,0.927363603794833,-5.85040866111891
"hsa-miR-4292",0.0383193701571012,-0.78235285094932,0.477085536314382,0.638920202932884,0.925595616182007,-5.84181895568082
"hsa-miR-892b",0.0371126151597758,-0.970963024462439,0.506480435864127,0.618536199237609,0.919202973330168,-5.82778229413321
"hsa-miR-4320",0.0370515547818554,-0.84330067538112,0.598243681221747,0.556972413324888,0.875860763959085,-5.77874855379187
"hsa-miR-770-5p",0.0361865544212798,-0.893573277875247,0.46054394433386,0.650523770525007,0.927363603794833,-5.8493585743641
"hsa-miR-891b",0.0343512223627425,-0.609537642941453,0.442822797394621,0.663057337803884,0.927363603794833,-5.85714770825519
"hsa-miR-511",0.0341726207217194,-0.971453822294213,0.464031093051884,0.648069832231247,0.927363603794833,-5.84779071769853
"hsa-miR-548b-3p",0.0333802676906251,-0.891638329076173,0.396553967370559,0.696259125511084,0.937469426000471,-5.87607386553783
"hsa-miR-300",0.0323955217112678,-0.846452853365164,0.522992935192201,0.607222078121647,0.919161599550723,-5.81954004361317
"hsa-miR-596",0.0321395370534956,-0.74805723121632,0.36845325039536,0.716741500989159,0.939658944061381,-5.88656815179637
"hsa-miR-662",0.0314737901839655,0.873524693955105,0.0744811764564325,0.941431522010573,0.981265695070428,-5.95041156873198
"hsa-miR-486-5p",0.0302975709852866,10.4475850237082,0.0905666259167741,0.928815862503272,0.977107848421986,-5.94910505554038
"hsa-miR-520a-5p",0.029549176883806,-0.909761220707983,0.371721476344321,0.714347577251855,0.939658944061381,-5.88538659493591
"hsa-miR-611",0.0287482635732713,-0.934989376867993,0.454010346231513,0.655132572260137,0.927363603794833,-5.85226507334335
"hsa-miR-4330",0.0273048062462958,-0.847062329006823,0.364231860901075,0.719838066900689,0.940265552617795,-5.88807910142137
"hsa-miR-568",0.0268227710222249,-0.943185185369719,0.507352555696397,0.61793614381698,0.919202973330168,-5.82735338966327
"hsa-miR-450b-3p",0.0261931541532954,-0.833689970304597,0.392003642496356,0.699560085772764,0.937469426000471,-5.87782460728804
"hsa-miR-1297",0.0248232169324955,-0.871806120481535,0.322667701932707,0.750585639985821,0.948139451222948,-5.90203909474607
"hsa-miR-4314",0.0244750158199363,2.03811809421623,0.0514950610885496,0.959486121283294,0.987132331557558,-5.95183683138512
"hsa-miR-509-5p",0.0242016738998269,-0.864189569324557,0.463013166235598,0.648785730315483,0.927363603794833,-5.84824957997734
"hsa-miR-1468",0.024198973383195,-0.859475721333037,0.288125671108029,0.776471851173669,0.94946160690924,-5.91236995753863
"hsa-miR-2278",0.0239997893714801,-0.272192356961899,0.103743058552123,0.918495983470586,0.974697660780849,-5.94784526733789
"hsa-miR-3119",0.0239648830991257,-0.895346305464224,0.391997065872818,0.699564861152862,0.937469426000471,-5.8778271232876
"hsa-miR-217",0.0239405525232295,-0.872301541222754,0.331529424743683,0.743991896839147,0.946756984028014,-5.89920258425088
"hsa-miR-1179",0.023532961822751,-0.894800344247519,0.321673929525297,0.751326319667608,0.948139451222948,-5.90235245312356
"hsa-miR-509-3-5p",0.0231981284670043,-0.838555704663707,0.324214220584758,0.749433482228777,0.948139451222948,-5.90154954388327
"hsa-miR-4280",0.0226420136182729,-0.920401631511219,0.376862968469424,0.710587680692695,0.939658944061381,-5.88350701869922
"hsa-miR-491-3p",0.0224369678883151,-0.686264076199939,0.3898778402016,0.701104330532266,0.937469426000471,-5.87863570955556
"hsa-miR-626",0.0221353543420533,-0.901390020619206,0.338378008497712,0.738909933257807,0.946241201450398,-5.89695847914536
"hsa-miR-3178",0.0216378163013404,1.27021785428245,0.0432140333594791,0.965996558041344,0.990472822180905,-5.95222289859671
"hsa-miR-591",0.020231241303337,-0.961480955242555,0.266670908272876,0.79268902823332,0.94946160690924,-5.91820394372581
"hsa-miR-4266",0.0190926913801551,-0.910052994731781,0.267382765325705,0.792149343821557,0.94946160690924,-5.91801755052827
"hsa-miR-2113",0.0190659056422431,-0.693658423865159,0.204030274967088,0.840570148029162,0.94946160690924,-5.93267261107583
"hsa-miR-548d-3p",0.0187844537920696,-0.893485276172237,0.290542492151442,0.774651471778622,0.94946160690924,-5.91168476085808
"hsa-miR-4297",0.0187171541271003,-0.937908215262317,0.371067095092222,0.714826658339232,0.939658944061381,-5.88562399465647
"hsa-miR-4285",0.0186957446768233,-0.826703787062731,0.293612283221697,0.772341202150765,0.94946160690924,-5.91080626863686
"hsa-miR-767-3p",0.0186813076344944,-0.743780358302431,0.209787106038555,0.836139848025202,0.94946160690924,-5.93150268221574
"hsa-miR-508-5p",0.018480887484017,-0.831809931969531,0.226571605200765,0.823255592008881,0.94946160690924,-5.92790686666
"hsa-miR-4256",0.018475975090921,-0.873260487197507,0.202780469701635,0.841532692779524,0.94946160690924,-5.93292232244048
"hsa-miR-339-5p",0.0183560342099121,3.4901975760367,0.13229458111101,0.896187665897942,0.968872932517631,-5.94453015067667
"hsa-miR-298",0.0177760196183401,0.182349405232082,0.0608896097111237,0.952103816990663,0.984791035840681,-5.95131713842127
"hsa-miR-639",0.0166695147390265,-0.248360561412648,0.148173874336681,0.883817743834383,0.967705224584515,-5.94234005684062
"hsa-miR-3198",0.0166570208100194,3.31891952893113,0.13775508310382,0.891930697083946,0.968872932517631,-5.94380494499602
"hsa-miR-375",0.0160128210510316,-0.899719921138342,0.252287704082874,0.803616143130201,0.94946160690924,-5.92186443278027
"hsa-miR-613",0.0159955784211031,-0.891357815596542,0.239932656214783,0.813035850566753,0.94946160690924,-5.92484792335079
"hsa-miR-208a",0.0159903397915889,-0.833444135180045,0.215916064107531,0.831429354125081,0.94946160690924,-5.93022153777085
"hsa-miR-1256",0.0143403285855697,-0.794917716806457,0.147191886154965,0.884581854528194,0.967705224584515,-5.94248267065464
"hsa-miR-651",0.0141716126139718,-0.926863060645607,0.250652896304853,0.804860811753072,0.94946160690924,-5.92226774192552
"hsa-miR-4319",0.0131379049105488,-0.788394578631983,0.185326436350141,0.855001156279098,0.957538195316259,-5.93625000728343
"hsa-miR-588",0.0131198663204987,-0.795353766448206,0.225172399831687,0.824327746721592,0.94946160690924,-5.92821713339456
"hsa-miR-525-3p",0.0118754726939928,-0.859511325610034,0.19610445245041,0.846678576340654,0.953495168532054,-5.93423032455227
"hsa-miR-3168",0.0114969123337528,-0.868209355532546,0.146905639761873,0.88480461226426,0.967705224584515,-5.94252406407204
"hsa-miR-620",0.0101458497473285,-0.754194793308526,0.1564846338149,0.877355688007855,0.967705224584515,-5.94109521626893
"hsa-miR-590-3p",0.00689865321213845,-0.933882517551862,0.106209375175019,0.916565940439915,0.9743529349335,-5.94759050438869
"hsa-miR-555",0.0061983028549788,-0.859751867087072,0.0709539107671423,0.944200171792393,0.981386137462299,-5.9506640435559
"hsa-miR-137",0.00466735705620136,-0.886984283904782,0.0762453792402226,0.940047035091345,0.981265695070428,-5.95028069900803
"hsa-miR-219-2-3p",0.00403171110774136,-0.838807876482655,0.0585198274399368,0.953965616267414,0.984791035840681,-5.9514564224157
"hsa-miR-4296",0.0038677598318495,-0.858371961842848,0.0532359285325883,0.958117830358549,0.987132331557558,-5.95174708525248
"hsa-miR-597",0.00382152315655471,-0.912036525618098,0.059263311827413,0.953381474264321,0.984791035840681,-5.95141331901328
"hsa-miR-933",0.00353880470112522,0.872725624310585,0.00574106373187968,0.995481123982296,0.998329085896819,-5.95312599888181
"hsa-miR-372",0.00227332099577637,-0.792167745753915,0.0303901398999339,0.976083215265743,0.99239523946542,-5.95268755409873
"hsa-miR-1296",0.00227141185934168,0.0699401464670543,0.0042123450236418,0.99668439218035,0.998329085896819,-5.95313348993103
"hsa-miR-516a-5p",0.00212911350805045,0.886831856535231,0.00519302823647421,0.995912486507138,0.998329085896819,-5.95312894896678
"hsa-miR-3165",0.00189770753056595,-0.822070444207871,0.0262814222934285,0.979315895287951,0.99239523946542,-5.95280218323771
"hsa-miR-761",0.00167417982948959,-0.898518632739716,0.0278577018476712,0.978075654515346,0.99239523946542,-5.95276017157433
"hsa-miR-600",0.00159916471759225,-0.818914502307863,0.0220584163554825,0.982638878729548,0.994102998981393,-5.95290268089565
"hsa-miR-647",0.001109548019261,-0.735328825318185,0.0108024844177273,0.991497330149824,0.998074426867235,-5.95308477555088
"hsa-miR-501-5p",0.00029148145546376,1.50510599910868,0.000580597076967051,0.999543000849641,0.999543000849641,-5.95314205955022
"hsa-miR-208b",-0.001487944930184,-0.795316916066039,-0.0153268513775221,0.987936437129093,0.997799363290116,-5.95302657519557
"hsa-miR-429",-0.00244386396384422,-0.868172786888753,-0.0333290845491058,0.973771153522295,0.99239523946542,-5.95259536487594
"hsa-miR-1248",-0.00249143064157387,-0.768231271923075,-0.0295233351343745,0.976765171323333,0.99239523946542,-5.95271312035137
"hsa-miR-518a-3p",-0.0028185203531087,-0.867393668314851,-0.0331137422473225,0.973940555019822,0.99239523946542,-5.95260240845739
"hsa-miR-2909",-0.00404508772458656,-0.788307249300459,-0.0492096419141045,0.961282615837824,0.987307187501792,-5.95195012244564
"hsa-miR-3180-5p",-0.00410906541141171,-0.148974104718785,-0.0113249719692913,0.991086096645304,0.998074426867235,-5.95307908376928
"hsa-miR-323b-5p",-0.00461540167805952,-0.908024149435002,-0.076714438216539,0.939678966251116,0.981265695070428,-5.95024538870311
"hsa-miR-4278",-0.00534725079844001,-0.903675382179904,-0.0666610553665331,0.947570736405708,0.983205875210709,-5.95095480480353
"hsa-miR-518d-3p",-0.0055184718075808,-0.92870359280149,-0.0953940384652715,0.92503339117301,0.977107848421986,-5.94866332069119
"hsa-miR-604",-0.00555366358976073,-0.884681465139982,-0.0731609583302585,0.942467710421844,0.981265695070428,-5.95050750055857
"hsa-miR-4273",-0.00568234662704481,-0.890062106471323,-0.0865101864707416,0.931995597126816,0.978756621896155,-5.94945852604601
"hsa-miR-656",-0.00607322847438485,-0.834967542823901,-0.0924040138366607,0.927375984909361,0.977107848421986,-5.94893962507714
"hsa-miR-520f",-0.00843388437525672,-0.736693230484935,-0.0808873146830798,0.936405149879253,0.981265695070428,-5.94992173241089
"hsa-miR-28-3p",-0.00899629573263994,3.35985531466518,-0.107962189986671,0.915194579132634,0.9743529349335,-5.94740581024103
"hsa-miR-219-5p",-0.00965257230122596,-0.922887351265394,-0.130346188864182,0.897707409967551,0.968872932517631,-5.94478183055627
"hsa-miR-802",-0.00969566752229079,-0.909438812419515,-0.142854763288041,0.887958064396634,0.968872932517631,-5.94310123406098
"hsa-miR-3137",-0.0102483866128811,3.13524966380808,-0.092246956027021,0.927499053995428,0.977107848421986,-5.94895389561978
"hsa-miR-571",-0.0108209140241987,-0.894517045423671,-0.126398899224297,0.900787532181166,0.968872932517631,-5.94528029051691
"hsa-miR-661",-0.0111307621329068,-0.844716255811084,-0.139600541027668,0.890492746839381,0.968872932517631,-5.9435532346112
"hsa-miR-3142",-0.0115962878363445,-0.842396462456454,-0.18038613867792,0.858821873160964,0.958281023913061,-5.93713776778738
"hsa-miR-4255",-0.0118726997061451,-0.843748987643187,-0.121758283235919,0.904410733338384,0.968872932517631,-5.94584673695212
"hsa-miR-657",-0.0139174858046868,-0.887148403623181,-0.203556545145251,0.840934963488715,0.94946160690924,-5.9327674420997
"hsa-miR-4279",-0.0143796926510685,-0.85419769071459,-0.223626452497591,0.82551275688294,0.94946160690924,-5.92855771754249
"hsa-miR-4318",-0.0147990664362202,-0.830651238687298,-0.203838561586866,0.840717780471146,0.94946160690924,-5.93271101460074
"hsa-miR-4289",-0.0148370617608546,-0.718091439360152,-0.147694916316905,0.884190419020475,0.967705224584515,-5.94240973391795
"hsa-miR-512-5p",-0.0152831003610067,-0.786253792474612,-0.260270748199315,0.797546021178754,0.94946160690924,-5.91985762873392
"hsa-miR-466",-0.015552131418344,-0.795276645789241,-0.203287931632682,0.841141837004502,0.94946160690924,-5.93282111556811
"hsa-miR-4305",-0.0155763017523166,-0.86895319980144,-0.188347137630429,0.852666819531888,0.956689019326906,-5.93569542487
"hsa-miR-887",-0.0160536086464984,2.49305969158866,-0.159927790346068,0.874681016021865,0.967705224584515,-5.94055963610591
"hsa-miR-614",-0.0165321941006509,-0.90704723711416,-0.245765333430761,0.808585164904226,0.94946160690924,-5.9234579845847
"hsa-miR-654-5p",-0.0173698836729688,0.274064381114269,-0.0364123909321775,0.97134577970438,0.99239523946542,-5.95248950752637
"hsa-miR-876-3p",-0.0173951250362627,-0.862544830564424,-0.266873557396793,0.792535381681987,0.94946160690924,-5.91815093210034
"hsa-miR-875-5p",-0.0174973813530062,-0.909239112213183,-0.257148817235436,0.799918310087639,0.94946160690924,-5.92064981647582
"hsa-miR-885-3p",-0.018074375051663,-0.676623718711192,-0.241952919326953,0.811493518401672,0.94946160690924,-5.92437024384348
"hsa-miR-4303",-0.0182753843143876,-0.888693850096483,-0.335084455096872,0.741352376020602,0.946756984028014,-5.89804334508363
"hsa-miR-1265",-0.0193329571104046,-0.870815551793406,-0.260865306697167,0.797094457586519,0.94946160690924,-5.91970568473883
"hsa-miR-4291",-0.0200873079367833,-0.781423526811521,-0.147900795269596,0.884030222080854,0.967705224584515,-5.94237981096738
"hsa-miR-362-3p",-0.0230896287096991,-0.778188629489421,-0.31249505522464,0.758179179353432,0.94946160690924,-5.90520159124107
"hsa-miR-942",-0.0232630490477296,-0.82390340875618,-0.291266343483915,0.77410651855887,0.94946160690924,-5.9114784376631
"hsa-miR-3193",-0.0240841114201218,-0.869179571071232,-0.383008753679371,0.706103358115923,0.939658944061381,-5.88122698537234
"hsa-miR-1252",-0.0249255555634638,-0.815517772681069,-0.360781746545549,0.722372576715366,0.940265552617795,-5.88930125778438
"hsa-miR-552",-0.0249766875398273,-0.826097010888783,-0.259645904644781,0.798020665202484,0.94946160690924,-5.92001694158591
"hsa-miR-1255a",-0.0253444607980923,-0.773252965874578,-0.213144903704642,0.833558366206539,0.94946160690924,-5.93080534222524
"hsa-miR-4272",-0.0254072821817523,-0.821803259609098,-0.235727970589975,0.816248352424647,0.94946160690924,-5.92582933859078
"hsa-miR-320a",-0.0264372531900694,9.3616396099143,-0.170895637100008,0.866171594870423,0.961181276209043,-5.93877613853207
"hsa-miR-509-3p",-0.027383694346047,-0.712956403610553,-0.268731055215712,0.791127452682294,0.94946160690924,-5.91766316268994
"hsa-miR-1289",-0.0284678280548882,-0.843411259634946,-0.448649574568773,0.65892473148989,0.927363603794833,-5.85461955013839
"hsa-miR-95",-0.0297062852129576,-0.907843194625519,-0.484745731948815,0.633578770285234,0.922259744755724,-5.83823968193441
"hsa-miR-3190-5p",-0.0317672647632332,-0.735276345193849,-0.346776689871068,0.732694573950934,0.940265552617795,-5.89414464840284
"hsa-miR-1181",-0.0319932651230266,2.82018698184869,-0.34814147533246,0.731686356141052,0.940265552617795,-5.89368097474278
"hsa-miR-556-5p",-0.0332917292675221,-0.825466800467482,-0.355272431947379,0.726426649963276,0.940265552617795,-5.89122909862848
"hsa-miR-1200",-0.0339864062784473,-0.895340728717342,-0.555122777338029,0.585498738418424,0.904319934401993,-5.80276934471043
"hsa-miR-643",-0.0345759089187444,-0.821367881728341,-0.45106917770676,0.657211942601482,0.927363603794833,-5.85356023052642
"hsa-miR-4261",-0.0345916830939537,0.405418844783168,-0.108935417513154,0.91443326645386,0.9743529349335,-5.94730195771657
"hsa-miR-924",-0.0346687169744748,-0.793696482527017,-0.332362126763965,0.743373342760316,0.946756984028014,-5.89893214801661
"hsa-miR-3126-5p",-0.0365016653238769,-0.82272659755757,-0.428966409619978,0.672929427242427,0.93560359934367,-5.86302997516886
"hsa-miR-573",-0.0370151936880067,-0.898718807729706,-0.511672733844559,0.614967754726533,0.919202973330168,-5.82521818777752
"hsa-miR-3118",-0.0374232394073346,-0.900706521428021,-0.508896648456602,0.616874419695392,0.919202973330168,-5.82659225566681
"hsa-miR-4312",-0.0384291148038642,-0.656134594223938,-0.402875419371223,0.691683666537632,0.937469426000471,-5.87360876111156
"hsa-miR-483-5p",-0.0390474818597308,4.4525298362954,-0.285639715624567,0.778345692046626,0.94946160690924,-5.91306884019347
"hsa-miR-548l",-0.039514017559414,-0.831332701369756,-0.362996972090758,0.720744854729397,0.940265552617795,-5.8885178604092
"hsa-miR-4275",-0.0397556723341846,-0.866609858212662,-0.542562566816614,0.593944276604289,0.912719432655198,-5.80944038162226
"hsa-miR-3151",-0.0399770576236683,-0.731764562387737,-0.524695769365508,0.606061031861514,0.919161599550723,-5.81867549525626
"hsa-miR-3132",-0.0400855877266393,1.88326405203047,-0.294487915154672,0.771682616761257,0.94946160690924,-5.91055401051101
"hsa-miR-599",-0.0407807462601635,-0.937604478975042,-0.539336073269346,0.596123497264804,0.913754956666,-5.81113023923096
"hsa-miR-548e",-0.0412972755593041,-0.878356265679287,-0.484921567165284,0.633456401937026,0.922259744755724,-5.83815687036567
"hsa-miR-338-3p",-0.0442605349178493,0.128081423967855,-0.439746769915924,0.665243491242953,0.928282296975799,-5.85846932532552
"hsa-miR-2053",-0.0461914803079496,-0.844120331939499,-0.666167514090941,0.513572651792449,0.852155006745984,-5.73742784004697
"hsa-miR-1291",-0.0464850162906289,-0.439199640249382,-0.216233971194267,0.831185199521592,0.94946160690924,-5.93015408421637
"hsa-miR-1276",-0.0466567354298832,-0.797619733983437,-0.605592925864749,0.552184586797939,0.875130903880816,-5.77448258451595
"hsa-miR-609",-0.0487140541605896,-0.850948857155539,-0.564793064155527,0.579037805688112,0.896622316460928,-5.79753287887289
"hsa-miR-133b",-0.0505812615758643,-0.497166519796642,-0.27029959944655,0.789939116510553,0.94946160690924,-5.91724865833575
"hsa-miR-3123",-0.0513406992799288,-0.896431401956539,-0.6620640416803,0.516139524147542,0.852155006745984,-5.74004415995954
"hsa-miR-4265",-0.0514446633287364,-0.826403577346521,-0.401564071732528,0.692631823625448,0.937469426000471,-5.87412327804473
"hsa-miR-4316",-0.0521995707231879,-0.765279377703249,-0.794013092777616,0.437311774921127,0.809293437125379,-5.64830221883405
"hsa-miR-4327",-0.0523904447743804,3.94122553766254,-0.445237197334532,0.661343581285462,0.927363603794833,-5.85610405206475
"hsa-miR-188-3p",-0.0535395811307658,-0.794575495200777,-0.582110577651955,0.567558979245164,0.887311540085293,-5.78793785613381
"hsa-miR-4317",-0.056435414327922,0.350491287665722,-0.233277944074509,0.818121791555996,0.94946160690924,-5.92639324974817
"hsa-miR-548c-3p",-0.0577022305402924,-0.84920517473268,-0.80786648802931,0.429491445058389,0.804633664044574,-5.63776949223559
"hsa-miR-718",-0.0586604211812827,1.56638988592632,-0.181820975650816,0.857711828380277,0.958281023913061,-5.93688239270868
"hsa-miR-548m",-0.0593786966336928,-0.901889096942481,-0.840475000074096,0.411434174177987,0.787825059072675,-5.61231241129738
"hsa-miR-346",-0.0613130318511733,-0.146628769887326,-0.124093145786228,0.902587494437093,0.968872932517631,-5.94556438051959
"hsa-miR-3166",-0.0632322542261411,-0.729445210192067,-0.751016326988392,0.462143163235247,0.831708133698455,-5.67991107740009
"hsa-miR-1294",-0.0647945781263207,-0.55561735618057,-0.580472774015191,0.568639520746588,0.887311540085293,-5.78885724071641
"hsa-miR-2117",-0.0661291046504923,-0.880248606975991,-0.883534259453262,0.38834946898864,0.777980619393083,-5.57727898399652
"hsa-miR-1207-3p",-0.0665191374699117,-0.87737333553613,-0.912173957393312,0.373477464137067,0.763302426704375,-5.55309326067093
"hsa-miR-576-3p",-0.0665685286604097,-0.839065433181636,-0.94845644593923,0.355192157282892,0.758581615726056,-5.52145033027206
"hsa-miR-559",-0.0672256145818092,-0.821122395863929,-0.930560853477463,0.364133338408812,0.7595008112101,-5.5371969675264
"hsa-miR-3122",-0.0672806261010329,-0.878973019604979,-0.73845664965073,0.469554738116416,0.831708133698455,-5.68883360303355
"hsa-miR-1266",-0.0688599746084736,-0.804144504885563,-0.531675240522716,0.60131348823389,0.91707861145219,-5.81510350692061
"hsa-miR-633",-0.0707046737668309,-0.860191734944402,-0.957870801366298,0.350549173993142,0.758581615726056,-5.51305808342664
"hsa-miR-4276",-0.0717714996744473,-0.826859783973216,-1.08395361231189,0.292388956657659,0.721463807687801,-5.39358497727077
"hsa-miR-592",-0.0726037773779413,-0.891504100773228,-0.834839914162826,0.414519353690538,0.791236627956468,-5.61677810041199
"hsa-miR-576-5p",-0.0733064680374089,-0.849930468968074,-1.11585062479796,0.278851366160722,0.70526158024816,-5.36131304246692
"hsa-miR-3159",-0.0734346591884849,-0.892408094137648,-1.12957224439051,0.27317179618626,0.703758574544916,-5.34718120687118
"hsa-miR-1301",-0.0750046095357617,2.85970881566202,-0.275694868258043,0.785855693140507,0.94946160690924,-5.9158046401662
"hsa-miR-409-3p",-0.075079111509103,2.66462698688633,-0.131022697541261,0.897179687468118,0.968872932517631,-5.94469486617088
"hsa-miR-302e",-0.0753035627011609,-0.796395902857101,-1.04387636879609,0.310067718216674,0.732164196829465,-5.43297370696535
"hsa-miR-3186-3p",-0.0785216011875512,-0.887353589181305,-1.03853113279147,0.312482280061139,0.732164196829465,-5.43812857396629
"hsa-miR-4271",-0.0835703816147362,3.91394201784688,-0.935577177152721,0.361611775868135,0.7595008112101,-5.53281032276586
"hsa-miR-383",-0.0865691735783389,-0.738310740051311,-1.14672853453859,0.266191693186099,0.703758574544916,-5.32930305167604
"hsa-miR-548j",-0.0873777893166533,-0.69546776498657,-0.746498725838418,0.46480086573059,0.831708133698455,-5.6831366707259
"hsa-miR-342-3p",-0.0886984917101898,8.69700342819874,-0.307247771926917,0.762106060534124,0.94946160690924,-5.90679372193943
"hsa-miR-496",-0.089164603985272,-0.740006406595522,-0.948284576853374,0.355277308973037,0.758581615726056,-5.52160284640908
"hsa-miR-4325",-0.089884274102543,-0.823398579758704,-1.06077439747989,0.302522402885668,0.731936909916067,-5.41652451721044
"hsa-miR-518b",-0.0904036573330406,-0.892617293081563,-1.33579977660532,0.197907855308541,0.648594929523819,-5.11734752056245
"hsa-miR-3174",-0.090636136062638,-0.520386171000633,-0.731880853172629,0.473463410441526,0.831708133698455,-5.69344879172938
"hsa-miR-4257",-0.0913802143505791,3.47030313510285,-0.961966880908338,0.348542132759346,0.758581615726056,-5.5093834608931
"hsa-miR-127-5p",-0.0928262041584628,-0.650161955061074,-0.735086052805001,0.471555812845843,0.831708133698455,-5.69120408148476
"hsa-miR-920",-0.0946569406259311,-0.816703672173826,-1.10610215618096,0.282938944465386,0.712630453487507,-5.37126221802937
"hsa-miR-1293",-0.0950798307616753,-0.872962742494901,-1.52454127899488,0.144382234188111,0.606083456634102,-4.88000168509508
"hsa-miR-384",-0.0951919244452379,-0.848355297987267,-1.36570894016058,0.18849829863779,0.648594929523819,-5.08139422606424
"hsa-miR-1243",-0.0970117490060584,-0.909971655872945,-1.30587826389691,0.207689847976636,0.648721763932166,-5.15266872299153
"hsa-miR-557",-0.10130207264432,2.86523739471324,-0.894461624017684,0.382629545888169,0.771615064299398,-5.56813389849572
"hsa-miR-4321",-0.102432078555958,-0.719269144153089,-0.898460529427772,0.380550366336263,0.771615064299398,-5.56476162755528
"hsa-miR-320b",-0.102591636056269,9.5351991481287,-0.621909504730569,0.541633578667619,0.875130903880816,-5.76483314031212
"hsa-miR-1270",-0.104296736665749,-0.634052994792791,-0.710399957301175,0.486365986345037,0.831708133698455,-5.70825433909588
"hsa-miR-3138",-0.108809052615324,3.76481638187348,-0.689238206653245,0.499275998236187,0.841834808137127,-5.72243293079967
"hsa-miR-582-5p",-0.111923516001742,-0.846471408532917,-1.33449655056648,0.198326176825686,0.648594929523819,-5.11889947180726
"hsa-miR-484",-0.114095248752605,3.50856233618576,-0.133344701594222,0.895368743664056,0.968872932517631,-5.94439295783611
"hsa-miR-1203",-0.116447472173971,-0.804464585723889,-1.70118492835119,0.105750970909437,0.534248984836306,-4.63659195274752
"hsa-miR-548i",-0.116738204768753,-0.783941525311064,-1.37465796276781,0.185753374496186,0.648594929523819,-5.07051243264222
"hsa-miR-3163",-0.117215306160674,-0.7501214480106,-0.920793755652354,0.369077062497022,0.762006043998954,-5.54567683605122
"hsa-miR-548q",-0.122072528322613,2.54394757344498,-0.249395478975792,0.805818517251947,0.94946160690924,-5.92257617741486
"hsa-miR-520c-3p",-0.123635255537595,-0.796411616834476,-1.2571443459143,0.224429632070929,0.65448864306967,-5.20878896876635
"hsa-miR-598",-0.129025423302112,-0.677586251258321,-1.14643588272441,0.266309635346629,0.703758574544916,-5.32960995602138
"hsa-miR-658",-0.130696056492756,0.160848955744864,-0.385963986440708,0.703950965554248,0.939117002398744,-5.8801177098158
"hsa-miR-1250",-0.1333251992334,-0.479635853852963,-0.735537934815037,0.471287241661425,0.831708133698455,-5.69088687222536
"hsa-miR-331-5p",-0.133757021214606,0.163497457336905,-0.414079718212798,0.683603989251541,0.937469426000471,-5.86914558578296
"hsa-miR-670",-0.136808947926897,-0.803237420514956,-1.69489294153387,0.106957618367252,0.534248984836306,-4.6455929759352
"hsa-miR-296-5p",-0.137091978552099,1.50103730179142,-0.464401868421945,0.647809157007935,0.927363603794833,-5.84762333493718
"hsa-miR-3170",-0.137401211274929,-0.387669767794062,-0.233220017528937,0.818166099381177,0.94946160690924,-5.92640651158635
"hsa-miR-3197",-0.141260207738512,-0.497649092275712,-1.09639014982967,0.287054794529268,0.717046338597801,-5.38109891304522
"hsa-miR-548p",-0.141673162198526,-0.896352230866165,-2.26139393173874,0.0360686612811814,0.345230303306418,-3.7510235465673
"hsa-miR-4264",-0.142307419696742,-0.864931711192514,-1.48736177460433,0.153860671246538,0.616801764326057,-4.92868312241023
"hsa-miR-490-5p",-0.143254559568687,0.910012183676483,-0.317509272767915,0.754433019533416,0.94946160690924,-5.90365527215479
"hsa-miR-3169",-0.143256632281613,-0.705749223365741,-1.55126798419365,0.137872146618841,0.593534702110898,-4.84444372638349
"hsa-miR-320d",-0.146385073746837,8.63832940162258,-0.952607872526072,0.353139591997547,0.758581615726056,-5.51775880967726
"hsa-miR-1224-5p",-0.147926609923111,4.01223540309024,-0.912947989740516,0.373080888772118,0.763302426704375,-5.55242987315995
"hsa-miR-3148",-0.148191183918067,-0.500382749668497,-0.746024905475926,0.465080146738815,0.831708133698455,-5.6834739245579
"hsa-miR-3065-3p",-0.14854651111864,-0.63655379125847,-1.0551924589091,0.305000097103198,0.731936909916067,-5.42198384731662
"hsa-miR-299-3p",-0.150100838484415,-0.350073906138409,-0.810508913973039,0.428009829309684,0.804633664044574,-5.63574127562807
"hsa-miR-601",-0.153050455006508,2.39265793174112,-0.289384976712644,0.775523159953101,0.94946160690924,-5.91201363711861
"hsa-miR-1182",-0.16269297343652,3.10490189724305,-2.13530513378362,0.0464229294138614,0.370772607292288,-3.9634458594113
"hsa-miR-1284",-0.162748452780517,-0.730607558422879,-1.85030783679574,0.0803988650481986,0.488202551554819,-4.41655627491462
"hsa-miR-107",-0.165416129103827,10.4269341142548,-1.29666319876178,0.210777822355199,0.648721763932166,-5.16341504274471
"hsa-miR-769-3p",-0.169049330425294,0.591931082819651,-0.604277324098089,0.553040053918195,0.875130903880816,-5.77524991255065
"hsa-miR-323b-3p",-0.171526818643351,-0.612118372748471,-1.01103995852708,0.325112384753265,0.739113174326711,-5.46427105429029
"hsa-miR-1288",-0.172200294661039,-0.544370238406755,-0.680793116040908,0.504482629142062,0.848257495538038,-5.72797799309359
"hsa-miR-663b",-0.172459191481683,-0.409049934268299,-0.702067906035241,0.49142562033509,0.835561208805042,-5.7138852291023
"hsa-miR-28-5p",-0.173727361759336,4.66265303423877,-0.357670839593895,0.724660733673922,0.940265552617795,-5.8903934308808
"hsa-miR-3131",-0.175686636017906,2.60449679492986,-1.32412427440394,0.201680570185033,0.648594929523819,-5.1312074821447
"hsa-miR-153",-0.177696519661965,-0.809507519942795,-2.21552798970209,0.0395606479508718,0.353136960384988,-3.82906570778291
"hsa-miR-199a-5p",-0.180205694731013,3.77501527661014,-0.216776241578822,0.830768773266695,0.94946160690924,-5.93003879745721
"hsa-miR-630",-0.188642611518219,3.66945320560381,-2.18657640461696,0.0419220799356247,0.358380022130591,-3.87787966107094
"hsa-miR-361-3p",-0.198457811489694,-0.441296197800651,-1.28165472856455,0.215884006735267,0.653493302693833,-5.18078358583478
"hsa-miR-4322",-0.206252308228936,1.59296341936977,-0.40395835871321,0.690901052357918,0.937469426000471,-5.87318262083722
"hsa-miR-338-5p",-0.206976391356234,0.507006220847421,-0.567843761837639,0.577007115310032,0.895762964176955,-5.79586284048577
"hsa-miR-520e",-0.210981802740277,-0.46279527149392,-0.942144281752099,0.358328640879022,0.7595008112101,-5.52703538981673
"hsa-miR-498",-0.214825436466819,0.527249333139733,-0.967027764752612,0.346073288558423,0.758581615726056,-5.50482387482721
"hsa-miR-1",-0.219513362930699,-0.642677893023456,-1.77250788363866,0.0928718179929559,0.517621841363581,-4.53293302919097
"hsa-miR-422a",-0.221689240311971,3.99400637642489,-0.310844721451082,0.759413508154591,0.94946160690924,-5.90570520951421
"hsa-miR-330-3p",-0.222266025225251,2.33122266620915,-0.751724244140258,0.461727529960431,0.831708133698455,-5.67940396854404
"hsa-miR-501-3p",-0.225027501819197,2.03774621329622,-0.401926552882531,0.692369682912064,0.937469426000471,-5.87398122052632
"hsa-miR-3190-3p",-0.226756285891803,-0.67570948595449,-2.48389464069582,0.0228311174067688,0.278848608379678,-3.36106801114423
"hsa-miR-936",-0.228258108412306,0.588829855622985,-1.08763527406419,0.290802388222684,0.721463807687801,-5.38990157228363
"hsa-miR-1303",-0.228938754037616,-0.198303151781717,-0.785580574817019,0.442115189540175,0.811182339324607,-5.654630565659
"hsa-miR-320c",-0.229134561778482,10.1019622017864,-1.55602281417447,0.136740009781479,0.593534702110898,-4.83806902258844
"hsa-miR-627",-0.230494044387558,-0.605223685307432,-1.62974992433815,0.120158676055813,0.574301703668336,-4.73737599668192
"hsa-miR-330-5p",-0.232016424062259,-0.58622291709024,-1.61576833306497,0.123165625342207,0.579546779711007,-4.75673510895457
"hsa-miR-543",-0.233085088048938,0.689746729765938,-0.399911540813184,0.693827413166137,0.937469426000471,-5.87476931603543
"hsa-miR-134",-0.233650457643434,6.12155728108962,-0.350458193871986,0.729976059375088,0.940265552617795,-5.89288977904339
"hsa-miR-1202",-0.234752259375013,5.50083784452763,-1.03603958420738,0.313612341310809,0.732164196829465,-5.44052341601576
"hsa-miR-615-3p",-0.235650400402335,0.0371944346317296,-0.38978537395045,0.70117153114368,0.937469426000471,-5.87867089181827
"hsa-let-7c",-0.237764238452716,8.03504659094311,-1.26138756733915,0.222931742681512,0.653717718877671,-5.20397275603217
"hsa-miR-564",-0.237805975307649,1.95587171385876,-0.322301250411733,0.75085873514703,0.948139451222948,-5.90215475615103
"hsa-miR-142-3p",-0.242732927906514,3.9631924365204,-2.0196300927752,0.0582332819484529,0.42905595954309,-4.15214698835586
"hsa-miR-3195",-0.245799459495517,4.93383270506365,-0.517383418114063,0.611054413077901,0.919202973330168,-5.82236879776566
"hsa-miR-520b",-0.247061884799734,-0.286987617952827,-0.857233485110583,0.40234653078129,0.787825059072675,-5.59886838721205
"hsa-miR-198",-0.248769605866,2.44347244878153,-2.03123345491347,0.0569368234447121,0.426674713962225,-4.13350108624715
"hsa-miR-668",-0.283308779278067,-0.392637066476657,-1.28390994432583,0.215110631352917,0.653493302693833,-5.17818436357958
"hsa-miR-3175",-0.283425551080493,0.63301132622243,-0.662926157103894,0.515599641872064,0.852155006745984,-5.7394957609797
"hsa-miR-1183",-0.289252033699755,3.5797509930446,-2.00329342420068,0.0601035968640693,0.42905595954309,-4.17828866973522
"hsa-miR-409-5p",-0.290888056910376,0.530220323555147,-0.511662728678277,0.614974621408092,0.919202973330168,-5.82522315301597
"hsa-miR-4304",-0.2994456640539,0.176675610817288,-0.576117837692668,0.571517863244537,0.889516264075472,-5.79128977314513
"hsa-miR-1273d",-0.300124818624411,1.05671076825518,-0.71552432667572,0.483269422658036,0.831708133698455,-5.70476012615507
"hsa-miR-1244",-0.303241866356989,-0.127739577973015,-1.18188975783643,0.252303435157063,0.69612811427426,-5.2919430471474
"hsa-miR-1180",-0.31544483820295,1.40385972652585,-0.615620285435288,0.545687523540201,0.875130903880816,-5.76858159286653
"hsa-miR-3065-5p",-0.318630992705689,-0.549856211913274,-2.03631177114663,0.0563776375452153,0.426674713962225,-4.12532021973601
"hsa-miR-3130-5p",-0.322503369136678,-0.716906085496486,-2.56082659181277,0.0194308467769458,0.263966263581078,-3.22228299554912
"hsa-miR-1273c",-0.324931911225977,1.7496717372161,-2.41010934287868,0.0266114004477317,0.304775850410814,-3.49235604279564
"hsa-miR-513a-3p",-0.331122352048816,-0.716911436366752,-3.63607289613014,0.0018350933611861,0.123766852248885,-1.15146399794733
"hsa-miR-572",-0.331133731065801,4.34472677768643,-2.24359509876092,0.0373885973104503,0.345230303306418,-3.78141046166778
"hsa-miR-370",-0.340686033263113,3.45178411419261,-0.513905792828287,0.613436091208614,0.919202973330168,-5.82410763725499
"hsa-miR-133a",-0.344586423669284,-0.140764584941899,-1.01593641284568,0.322836849189917,0.739113174326711,-5.4596602638555
"hsa-miR-369-5p",-0.345172422043413,-0.693539367133367,-2.61399783828731,0.0173667834733803,0.263966263581078,-3.12530309329315
"hsa-miR-671-5p",-0.350445276341188,6.08975744814957,-0.928126735870553,0.36536118101046,0.7595008112101,-5.53931785898256
"hsa-miR-1208",-0.370923097841134,-0.168717703479802,-1.20641283836198,0.242945652014931,0.678957594594413,-5.26531997235257
"hsa-miR-1184",-0.388583053454586,-0.15393638254151,-1.39680241421427,0.179098570596656,0.648594929523819,-5.04334151244733
"hsa-miR-1290",-0.391401155631638,2.76945380366439,-2.36040262251549,0.0294797834575399,0.331374602939384,-3.5797304139868
"hsa-miR-4323",-0.39469262633958,1.34119344812462,-1.38957741520273,0.181248405200094,0.648594929523819,-5.05224450412322
"hsa-miR-4259",-0.397159041248656,1.35810197476934,-0.693395749565877,0.496724155560748,0.839865076393799,-5.71967931870071
"hsa-miR-328",-0.400073042026345,2.53174217469039,-0.405380542125738,0.689873818145443,0.937469426000471,-5.87262128194831
"hsa-miR-487a",-0.403197104509832,0.677724265663305,-0.71200782265584,0.485393132992983,0.831708133698455,-5.70716051408863
"hsa-miR-3181",-0.403796823118277,-0.402537243484395,-1.55774819904187,0.136331116378427,0.593534702110898,-4.835752214976
"hsa-miR-622",-0.408307407527141,2.1758496203828,-1.32186471233456,0.202417223737605,0.648594929523819,-5.13387837944418
"hsa-miR-299-5p",-0.410173656857296,-0.566065758447975,-1.80850817748938,0.0869045665742659,0.512146329228926,-4.47950114720757
"hsa-miR-3128",-0.415227476581326,-0.691403312162078,-2.6196136932602,0.0171613466608778,0.263966263581078,-3.11501198667668
"hsa-miR-494",-0.423939553066376,8.15024665091814,-0.815514027335395,0.425212294736742,0.804633664044574,-5.63188274751016
"hsa-miR-1287",-0.441319911255753,0.215168014864694,-1.05693565492167,0.304224770703095,0.731936909916067,-5.42028165470435
"hsa-miR-3188",-0.44192327545366,3.04319135650584,-0.719700252936971,0.480754581129759,0.831708133698455,-5.70189514325021
"hsa-miR-146b-3p",-0.450367043054485,-0.31012611316283,-1.70909981640468,0.104249710346468,0.534248984836306,-4.62523579881033
"hsa-miR-628-5p",-0.462931235573356,-0.425184291914637,-2.50535253717645,0.0218302311010832,0.276061464132448,-3.32254694384079
"hsa-miR-641",-0.467750590527538,0.0835458690716977,-0.995297704597172,0.33250476559796,0.750298857687589,-5.47896074501589
"hsa-miR-769-5p",-0.479949639950764,0.802413710368137,-1.48983180128366,0.153215449201495,0.616801764326057,-4.92547752979
"hsa-miR-1323",-0.494034934334449,0.112903688209628,-1.04571787684137,0.309238966129271,0.732164196829465,-5.43119238741556
"hsa-miR-1972",-0.495583868577621,2.81502481938105,-0.990857126066726,0.334611121603942,0.752255373383676,-5.48306730488521
"hsa-miR-127-3p",-0.506624802030276,2.26926410279598,-0.715480112409033,0.483296090870566,0.831708133698455,-5.70479037627004
"hsa-miR-1973",-0.507273871656132,3.96570752553123,-1.36369945491098,0.189119099869306,0.648594929523819,-5.08382987266714
"hsa-miR-1225-5p",-0.512251712160482,5.95837038125768,-1.51622351355708,0.146459622546454,0.608910896477382,-4.890972276424
"hsa-miR-433",-0.518003742539501,0.431569275988325,-0.843766033494092,0.409639195789333,0.787825059072675,-5.60969153810974
"hsa-miR-487b",-0.531403562951277,2.29123655123672,-0.708051017238721,0.48778928434374,0.831708133698455,-5.7098481223366
"hsa-miR-142-5p",-0.538257348809081,3.20528569353382,-1.90287164239594,0.0728285180747311,0.465335899698545,-4.33605911593189
"hsa-miR-326",-0.547607441826256,0.496036310668362,-1.03037197348131,0.316193770058306,0.73536252270265,-5.44595213731739
"hsa-miR-654-3p",-0.559518394970448,0.323377947177871,-1.01293707686608,0.324229396315015,0.739113174326711,-5.46248696018043
"hsa-miR-3180-3p",-0.561487140214376,0.241749637516388,-1.33603317227494,0.197833011668942,0.648594929523819,-5.1170694508952
"hsa-miR-486-3p",-0.562632688049833,3.40684517936826,-1.15421254024068,0.263188769439683,0.703758574544916,-5.32143177305414
"hsa-miR-3154",-0.576471934519968,0.837890053638524,-1.27259849281465,0.219011487765567,0.653493302693833,-5.19118326558468
"hsa-miR-1299",-0.576758294932583,0.992960272097163,-0.847166547107384,0.407789812659478,0.787825059072675,-5.606973577586
"hsa-miR-485-5p",-0.583368181930923,0.0953224224944105,-1.38912501760094,0.181383705667076,0.648594929523819,-5.05280074792835
"hsa-miR-583",-0.599283467805598,-0.679067419081568,-2.81016217328382,0.0114144310748255,0.263966263581078,-2.76082872287879
"hsa-miR-491-5p",-0.60634162771524,1.34053806806159,-1.0365103845025,0.313398583241504,0.732164196829465,-5.44007127799114
"hsa-miR-628-3p",-0.607852254644711,1.91576922619976,-1.14256822338139,0.26787200814898,0.703758574544916,-5.33365966450867
"hsa-miR-146b-5p",-0.609580731956404,3.82977879357054,-0.983641867370572,0.338053454248574,0.75440605415031,-5.48970490060566
"hsa-miR-139-3p",-0.609648105961301,1.45214015786232,-1.34361464019989,0.195414017509759,0.648594929523819,-5.10801543871217
"hsa-miR-4306",-0.61646550213599,6.53800652381541,-0.959807829224232,0.349599060652423,0.758581615726056,-5.51132211666244
"hsa-miR-590-5p",-0.616532246282679,1.39948582930005,-1.74774395937846,0.0971805376174616,0.526068194794653,-4.56925966408634
"hsa-miR-324-3p",-0.639105532813768,6.34951939637963,-1.24730226048079,0.227933937687065,0.655445510481374,-5.21990815718926
"hsa-miR-602",-0.665195104212346,1.01128353132013,-1.26631389574854,0.221202444462882,0.653493302693833,-5.19836431328363
"hsa-miR-199a-3p",-0.671417863667822,7.28347088617832,-1.120065231346,0.277097692448492,0.703758574544916,-5.35698829817329
"hsa-miR-760",-0.678339986578586,1.45628613053533,-1.12292834695267,0.275911017187531,0.703758574544916,-5.35404233428274
"hsa-miR-378b",-0.681447114022415,1.28476365933117,-1.52913219421862,0.143246149307256,0.606083456634102,-4.87392705454233
"hsa-miR-337-5p",-0.699811287287248,0.208532854556523,-1.34361329792722,0.195414443696957,0.648594929523819,-5.10801704536154
"hsa-miR-128",-0.704881114519563,2.41116492520633,-0.891408947270382,0.384221812995281,0.772260398967337,-5.57069899256964
"hsa-miR-1254",-0.727024212678184,-0.412563584380261,-3.8615258782897,0.00110521664368171,0.103421110944973,-0.702470511199098
"hsa-miR-3125",-0.75741197230364,2.00607266878437,-2.30080508190566,0.0332976329330863,0.342570562548871,-3.68329085879746
"hsa-miR-152",-0.759143816898521,2.36837227070229,-1.35062023412638,0.193199697227523,0.648594929523819,-5.09961235349301
"hsa-miR-331-3p",-0.762628793026691,4.47104196466371,-1.58402541802917,0.130229127334394,0.593534702110898,-4.80023098510993
"hsa-miR-410",-0.765188111814302,-0.370946841999172,-3.0424204259294,0.00688153546840308,0.181612696926986,-2.31796975649579
"hsa-miR-3161",-0.781405810945328,0.660291554938508,-1.88269031086141,0.0756571442480078,0.478373818318132,-4.36713923546925
"hsa-miR-485-3p",-0.809855771114826,0.529209873100347,-0.939037626146395,0.359879232786989,0.7595008112101,-5.52977184044599
"hsa-miR-324-5p",-0.846780970141604,3.44969349270437,-1.06547369833979,0.300447760356264,0.731936909916067,-5.411908864513
"hsa-miR-665",-0.860076418638748,2.19231975789008,-1.85268902668126,0.0800414857999512,0.488202551554819,-4.41294171689852
"hsa-miR-139-5p",-0.868884432598538,2.51696512809708,-1.14358529900298,0.267460492343829,0.703758574544916,-5.33259585315683
"hsa-miR-320e",-0.924161441504858,6.80850544983377,-1.99742229876552,0.060788817991278,0.42905595954309,-4.18765177152286
"hsa-miR-4294",-0.957868880527054,-0.329906839069862,-2.25141783103718,0.0368030851012301,0.345230303306418,-3.7680708967836
"hsa-miR-329",-1.00187698426661,-0.10003020170759,-2.15699159877414,0.0444679178655649,0.362365737594313,-3.92739289549479
"hsa-miR-181d",-1.05232925920039,2.24456591843001,-1.3618993915505,0.189676588193412,0.648594929523819,-5.08600923839003
"hsa-miR-140-5p",-1.1355370907518,4.41790337562642,-2.16713716865593,0.0435793676543475,0.362365426934095,-3.9104557266948
"hsa-miR-874",-1.1863319929442,3.63715102624946,-3.44358652694355,0.00282536827418725,0.131568907345342,-1.53326464307513
"hsa-miR-339-3p",-1.27306416347088,2.96919088924936,-1.97172820187633,0.0638706811850743,0.431327491046436,-4.22842801549395
"hsa-miR-210",-1.34190951413514,3.02937287592634,-1.48509609729115,0.154454478051994,0.616801764326057,-4.93161991139652
"hsa-miR-1246",-1.38309776220573,6.01746389639257,-2.53116139507174,0.0206811229759863,0.272900905357037,-3.27601957774302
